Country Name,Country Code,Indicator Name,Indicator Code,1960,1961,1962,1963,1964,1965,1966,1967,1968,1969,1970,1971,1972,1973,1974,1975,1976,1977,1978,1979,1980,1981,1982,1983,1984,1985,1986,1987,1988,1989,1990,1991,1992,1993,1994,1995,1996,1997,1998,1999,2000,2001,2002,2003,2004,2005,2006,2007,2008,2009,2010,2011,2012,2013,2014,2015,2016,2017,2018,2019,2020,2021,2022,2023
Aruba,ABW,Individuals using the Internet (% of population),IT.NET.USER.ZS,,,,,,,,,,,,,,,,,,,,,,,,,,,,,,,0,0,0,0,0,0,2.768382663,,,4.506179098,15.4428,17.1,18.8,20.8,23,25.4,28,30.9,52,58,62,69,74,78.9,83.78,88.6612,93.5425,97.17,,,,,,
Africa Eastern and Southern,AFE,Individuals using the Internet (% of population),IT.NET.USER.ZS,,,,,,,,,,,,,,,,,,,,,,,,,,,,,,,0,0.001732302,0.005040808,0.014629494,0.031709734,0.086496311,0.112752212,0.213192402,0.386772417,0.569512051,0.770554312,0.956731579,1.125580268,1.421555229,1.706961656,1.8,1.9,2.7,3,3.5,5.3,6.8,8.4,10,12.1,14.3,15.7,17.4,19.8,22.8,26,29.5,31.4,34.9
Afghanistan,AFG,Individuals using the Internet (% of population),IT.NET.USER.ZS,,,,,,,,,,,,,,,,,,,,,,,,,,,,,,,0,0,0,0,0,0,,,,,,0.00472257,0.0045614,0.0878913,0.105809,1.22415,2.10712,1.9,1.84,3.55,4,5,5.45455,5.9,7,8.26,11,13.5,16.8,17.6,18.4,,,
Africa Western and Central,AFW,Individuals using the Internet (% of population),IT.NET.USER.ZS,,,,,,,,,,,,,,,,,,,,,,,,,,,,,,,0,0,0,0,4.37E-06,0.000132938,0.007017888,0.019945459,0.035648334,0.086583273,0.13939284,0.210108429,0.412177045,0.658125888,1.178578559,2.3,3.4,4.2,5,5.8,7.2,8.7,10.3,12.6,14.9,17.2,19.9,23.2,25.7,28.9,32.4,34.3,36.9,39.4
Angola,AGO,Individuals using the Internet (% of population),IT.NET.USER.ZS,,,,,,,,,,,,,,,,,,,,,,,,,,,,,,,0,0,0,0,0,0,0.000775929,0.005673746,0.018453724,0.071964087,0.105046,0.136014,0.270377,0.370682,0.464815,1.14337,1.5,1.7,1.9,2.3,2.8,4.7,7.7,13,21.3623,22,23.2,26,29,32.1294,36.6347,37.8067,39.2935,
Albania,ALB,Individuals using the Internet (% of population),IT.NET.USER.ZS,,,,,,,,,,,,,,,,,,,,,,,,,,,,,,,0,0,0,0,0,0.011168695,0.032196828,0.048593919,0.06502737,0.081437045,0.114097,0.325798,0.390081,0.9719,2.42039,6.04389,9.60999,15.0361,23.86,41.2,45,47,49.4,51.8,54.3,56.9,59.6,62.4,65.4,68.5504,72.2377,79.3237,82.6137,83.1356
Andorra,AND,Individuals using the Internet (% of population),IT.NET.USER.ZS,,,,,,,,,,,,,,,,,,,,,,,,,,,,,,,0,0,0,0,0,0,1.526601023,3.050175385,6.886209218,7.635686143,10.5388,,11.2605,13.5464,26.838,37.6058,48.9368,70.87,70.04,78.53,81,81,82.7,84.4,86.1,87.9,89.7,91.5675,,90.7187,93.2056,93.8975,94.4855,
Arab World,ARB,Individuals using the Internet (% of population),IT.NET.USER.ZS,,,,,,,,,,,,,,,,,,,,,,,,,,,,,,,0,0,0,0.000864634,0.002877601,0.014685669,0.040272767,0.14194828,0.283811604,0.644800202,1.199587277,1.591209898,2.750530671,3.720178696,7.214643872,8.560248423,11.46476393,14.07778952,18.15512835,21.03291482,25.17650591,27.00877895,30.24172005,33.36236253,37.02779268,40.98238157,41.0700135,48.19183796,52.51730382,60.07830924,60.26430276,64.16842875,67.35640992,
United Arab Emirates,ARE,Individuals using the Internet (% of population),IT.NET.USER.ZS,,,,,,,,,,,,,,,,,,,,,,,,,,,,,,,0,0,0,0,0,0.102939175,0.375393534,3.295592694,6.908302986,14.94269899,23.6253,26.2718,28.3165,29.478,30.1313,40,52,61,63,64,68,78,85,88,90.4,90.5,90.6,94.8199,98.45,99.15,100,100,100,100
Argentina,ARG,Individuals using the Internet (% of population),IT.NET.USER.ZS,,,,,,,,,,,,,,,,,,,,,,,,,,,,,,,0,0,0.002992874,0.029527065,0.043705951,0.086277081,0.141954704,0.280339882,0.83076668,3.284481956,7.03868,9.78081,10.8821,11.9137,16.0367,17.7206,20.9272,25.9466,28.1126,34,45,51,55.8,59.9,64.7,68.0431,70.969,74.2949,77.7,79.947,85.5144,87.1507,88.3754,89.229
Armenia,ARM,Individuals using the Internet (% of population),IT.NET.USER.ZS,,,,,,,,,,,,,,,,,,,,,,,,,,,,,,,0,0,0,0,0.009117014,0.052743123,0.094572902,0.111650935,0.128659478,0.970737757,1.30047,1.63109,1.96041,4.57522,4.89901,5.25298,5.63179,6.02125,6.21,15.3,25,32,37.5,41.9,54.6228,59.1008,64.346,64.7449,68.2451,66.5439,76.5077,78.6123,77.0277,
American Samoa,ASM,Individuals using the Internet (% of population),IT.NET.USER.ZS,,,,,,,,,,,,,,,,,,,,,,,,,,,,,,,0,0,0,0,0,0,,,,,,,,,,,,,,,,,,,,,,,,,,,,
Antigua and Barbuda,ATG,Individuals using the Internet (% of population),IT.NET.USER.ZS,,,,,,,,,,,,,,,,,,,,,,,,,,,,,,,0,0,0,0,0,2.200768802,2.858449577,3.480536838,4.0717165,5.300681138,6.48223,8.89929,12.5,17.2286,24.2665,27,30,34,38,42,47,52,58,63.4,67.78,70,73,76.2,79.6,83.2,86.8837,87.074,91.4123,
Australia,AUS,Individuals using the Internet (% of population),IT.NET.USER.ZS,,,,,,,,,,,,,,,,,,,,,,,,,,,,,,,0.585094712,1.097203891,1.768764913,1.974611016,2.232101254,2.759654513,3.27524987,16.36935838,30.81323944,40.7837839,46.7561,52.6893,,,,63,66,69.45,71.67,74.25,76,79.4877,79,83.4535,84,84.5605,86.54,86.545,90,93.6099,94.6935,94.9886,94.8762,
Austria,AUT,Individuals using the Internet (% of population),IT.NET.USER.ZS,,,,,,,,,,,,,,,,,,,,,,,,,,,,,,,0.130369377,0.259081553,0.642817619,0.76534273,1.393422968,1.890210524,6.909162353,9.533974317,15.42121932,23.0443171,33.7301,39.1855,36.56,42.7,54.28,58,63.6,69.37,72.87,73.45,75.17,78.74,80.03,80.6188,80.9958,83.9401,84.3237,87.9356,87.4791,87.7522,87.5294,92.5292,93.6141,95.3347
Azerbaijan,AZE,Individuals using the Internet (% of population),IT.NET.USER.ZS,,,,,,,,,,,,,,,,,,,,,,,,,,,,,,,0,0,0,0,0.001431415,0.002055556,0.006354585,0.025187933,0.037485109,0.099228942,0.147758,0.305565,4.99971,,,8.03038,11.9922,14.54,17.08,27.4,46,50,54.2,73,75,77,78.2,79,79.8,81.1,84.6,86,88,
Burundi,BDI,Individuals using the Internet (% of population),IT.NET.USER.ZS,0,,,,,0,,,,,0,,,,,0,0,0,0,0,0,0,0,0,0,0,0,0,0,0,0,0,0,0,0,0,0.000803592,0.007979439,0.015842776,0.039204469,0.0772484,0.106001,0.118228,0.201273,0.34906,0.542143,0.657593,0.7,0.81,0.9,1,1.11,1.22,1.26422,1.04239,2,2.2,2.66075,4,6.1,9.17302,10.1846,11.275,
Belgium,BEL,Individuals using the Internet (% of population),IT.NET.USER.ZS,,,,,,,,,,,,,,,,,,,,,,,,,,,,,,,0.00100674,0.020072645,0.100041027,0.199446059,0.69599469,0.99166299,2.968411647,4.93808091,7.886622701,13.77221446,29.4317,31.2884,46.33,49.97,53.86,55.82,61.9819,66.7604,68.8573,74.5441,77.6398,81.61,80.72,82.1702,85.0012,85.0529,86.5165,87.6797,88.6473,90.2754,91.5264,92.7887,94.0078,94.6263
Benin,BEN,Individuals using the Internet (% of population),IT.NET.USER.ZS,,,,,,,,,,,,,,,,,,,,,,,,,,,,,,,0,0,0,0,0,0,0.0016931,0.024648796,0.047877304,0.154906741,0.225248,0.363418,0.702946,0.951327,1.18254,1.27103,1.53785,1.79,1.85,2.24,3.13,4.14832,4.5,4.9,6,11.255,14.5,18.7,19,20.5,22.1206,30.7419,33.7602,
Burkina Faso,BFA,Individuals using the Internet (% of population),IT.NET.USER.ZS,,,,,,,,,,,,,,,,,,,,,,,,,,,,,,,0,0,0,0,0,0,0.000960519,0.018686353,0.045423484,0.061780293,0.0770802,0.157732,0.200993,0.37344,0.400295,0.469914,0.632708,0.75,0.92,1.13,2.4,3,3.72503,5,6,6.55,7.14,7.79,8.5,9.27181,15.5971,18.114,19.9237,
Bangladesh,BGD,Individuals using the Internet (% of population),IT.NET.USER.ZS,,,,,,,,,,,,,,,,,,,,,,,,,,,,,,,0,0,0,0,0,0,,0.000751046,0.003684813,0.036170407,0.0710394,0.129808,0.13992,0.163878,0.199036,0.241637,1,1.8,2.5,3.1,3.7,4.5,5,6.63,11.9,12.9,18.1,21.5,25.6,30.4,36.1091,38.9174,41.6152,44.5027
Bulgaria,BGR,Individuals using the Internet (% of population),IT.NET.USER.ZS,,,,,,,,,,,,,,,,,,,,,,,,,,,,,,,0,0,0,0.002339042,0.019526669,0.119665549,0.725251167,1.219813132,1.844965121,2.908154025,5.37092,7.6123,9.08,12.04,18.13,19.97,27.09,33.64,39.67,45,46.23,47.98,51.9,53.0615,55.4904,56.6563,59.8255,63.4101,64.782,67.947,70.1625,75.2714,79.1269,80.3896
Bahrain,BHR,Individuals using the Internet (% of population),IT.NET.USER.ZS,,,,,,,,,,,,,,,,,,,,,,,,,,,,,,,0,0,0,0,0,0.346205844,0.843254219,1.646299202,3.218202151,4.720358118,6.15373,15.0386,18.0507,21.5549,21.4587,21.3037,28.244,32.91,51.95,53,55,77,88,90,90.5031,93.4783,98,95.8781,98.6447,99.7015,99.671,100,100,100
"Bahamas, The",BHS,Individuals using the Internet (% of population),IT.NET.USER.ZS,,,,,,,,,,,,,,,,,,,,,,,,,,,,,,,0,0,0,0,0,0.960030721,1.746950698,1.362953903,2.33559071,3.764557822,8,11.8,18,20,22,25,26,27,31.54,33.88,43,65,71.7482,72,76.92,78,80,80.6,83,90.6933,92.4437,93.7667,94.4117,
Bosnia and Herzegovina,BIH,Individuals using the Internet (% of population),IT.NET.USER.ZS,,,,,,,,,,,,,,,,,,,,,,,,,,,,,,,0,0,0,0,0,0,0.015125563,0.059425563,0.14367106,0.1943742,1.08296,1.20053,2.64827,3.96504,15.469,21.3267,25.1224,27.92,34.66,37.74,42.75,43.8877,45.0645,48.5213,49.9177,52.6,60.2565,64.892,70.1201,69.9463,73.2118,75.6762,78.8455,83.3772
Belarus,BLR,Individuals using the Internet (% of population),IT.NET.USER.ZS,,,,,,,,,,,,,,,,,,,,,,,,,,,,,,,0,0,0,0,0.000485951,0.002921254,0.029298294,0.049020891,0.073868897,0.494881245,1.8604,4.30062,8.95097,,,,16.2,19.7,23,27.43,31.8,39.6489,46.91,54.17,59.0163,62.2304,71.113,74.4364,79.1299,82.7892,85.0879,86.8884,89.5073,91.5125
Belize,BLZ,Individuals using the Internet (% of population),IT.NET.USER.ZS,,,,,,,,,,,,,,,,,,,,,,,,,,,,,,,0,0,0,0,0,0.04539718,0.882807327,1.288582302,2.091516391,4.076740564,5.96384,,5.68425,,9.8,17,24,24.6,26.3,27.2,28.2,30.7,31,33.6,38.7,41.59,44.5757,47.0826,49.8,53.3,57.0987,65.0198,70.354,
Bermuda,BMU,Individuals using the Internet (% of population),IT.NET.USER.ZS,,,,,,,,,,,,,,,,,,,,,,,,,,,,,,,0,0,0,0,0,6.838163465,16.20246602,24.18925674,32.10375935,39.94758876,42.9499,47.5097,52.0316,56.522,60.9909,65.4471,69.8997,74.3506,82.3,83.25,84.21,88.336,91.2993,95.3,96.8,98.3236,98,98.37,,,,,,
Bolivia,BOL,Individuals using the Internet (% of population),IT.NET.USER.ZS,,,,,,,,,,,,,,,,,,,,,,,,,,,,,,,0,0,0,0,0,0.066807568,0.196081174,0.447839036,0.626484062,0.981815187,1.44276,2.12046,3.11719,3.5086,4.43992,5.22758,6.20067,10.4992,12.5,16.8,22.4,30,35.34,36.99,34.6016,37.4868,39.6975,43.8323,44.2861,47.4748,59.9401,65.9774,73.2831,
Brazil,BRA,Individuals using the Internet (% of population),IT.NET.USER.ZS,,,,,,,,,,,,,,,,,,,,,,,,,,,,,,,0,0.003288171,0.012946262,0.025498253,0.037672709,0.105138168,0.450789179,0.786079155,1.477874959,2.038732184,2.87069,4.52849,9.14943,13.2076,19.0737,21.0227,28.1784,30.88,33.83,39.22,40.65,45.69,48.56,51.04,54.551,58.328,60.8725,67.4713,70.4343,73.9124,81.3427,80.6899,80.5278,84.1506
Barbados,BRB,Individuals using the Internet (% of population),IT.NET.USER.ZS,,,,,,,,,,,,,,,,,,,,,,,,,,,,,,,0,0,0,0,0,0.007752238,0.389464214,0.783428912,1.970249237,2.376247035,3.97368,11.9365,27.8363,39.6896,49.8,52.5,55.3,58.2,61.4,64.7,65.1,66.5,71.2,71.8,71.9,72,72.2,72.3,72.4,72.6,72.6766,74.8596,76.2053,
Brunei Darussalam,BRN,Individuals using the Internet (% of population),IT.NET.USER.ZS,,,,,,,,,,,,,,,,,,,,,,,,,,,,,,,0,0,0,0,0,1.017080166,3.303349927,4.831057905,6.284742844,7.671041206,8.99628,12.9178,15.3299,19.595,29.7156,36.4664,42.1863,44.68,46,49,53,56,60.2731,64.5,68.77,71.2,90,94.8667,95,95,95.0503,95.6225,98.9704,
Bhutan,BTN,Individuals using the Internet (% of population),IT.NET.USER.ZS,,,,,,,,,,,,,,,,,,,,,,,,,,,,,,,0,0,0,0,0,0,,,,0.137571514,0.400944,0.864629,1.6758,2.43691,3.15698,3.84711,4.51832,5.92,6.55,7.17,13.6,14.4,15.6,22.4,30.3,39.8,46.5,54.3,63.5,74.1794,76.8508,85.6369,86.8403,
Botswana,BWA,Individuals using the Internet (% of population),IT.NET.USER.ZS,0,,,,,0,,,,,0,,,,,0,0,0,0,0,0,0,0,0,0,0,0,0,0,0,0,0,0,0,0,0.064521041,0.15745423,0.30774685,0.602400929,1.122391474,2.90267,3.43089,3.38592,3.34519,3.30489,3.26255,4.28993,5.28,6.25,6.15,6,9,16,30,36.7447,37.3121,39.363,41.4138,58,64.8263,67.4756,75.2388,77.3272,
Central African Republic,CAF,Individuals using the Internet (% of population),IT.NET.USER.ZS,,,,,,,,,,,,,,,,,,,,,,,,,,,,,,,0,0,0,0,0,0,0.005849503,0.014270881,0.027878201,0.040894287,0.0533942,0.0785434,0.128537,0.151563,0.223401,0.268196,0.311159,0.375816,1,1.8,2,2.2,2.4,2.5,2.7,2.9,3.1,4,5.1,7.50916,8.565672483,10.58263964,,
Canada,CAN,Individuals using the Internet (% of population),IT.NET.USER.ZS,,,,,,,,,,,,,,,,,,,,,,,,,,,,,,,0.360999701,0.570385926,0.91598104,1.184557509,2.378693853,4.163525253,6.76023965,15.07235736,24.8974003,36.18644004,51.3,60.2,61.5933,64.2,65.956,71.66,72.4,73.2,76.7,80.3,80.3,83,83,85.8,87.12,90,91.16,92.7014,94.64,91.9129,92.3,93.2917,94,
Central Europe and the Baltics,CEB,Individuals using the Internet (% of population),IT.NET.USER.ZS,,,,,,,,,,,,,,,,,,,,,,,,,,,,,,,0,0.002122688,0.023497184,0.140449541,0.36772097,0.587826738,1.070020858,1.794471909,3.514582492,4.96572509,7.055781923,10.24095363,18.24742088,22.59509237,29.25923048,34.76161792,40.81983993,45.28426332,50.69767986,55.08397864,58.58878582,59.10559724,61.70684581,63.45736185,66.47963569,67.34543854,71.34461314,73.41433729,75.9771732,78.73075178,81.78813906,84.71779998,86.23272507,87.22274517
Switzerland,CHE,Individuals using the Internet (% of population),IT.NET.USER.ZS,,,,,,,,,,,,,,,,,,,,,,,,,,,,,,,0.595714223,1.17995597,1.751713322,2.167270203,2.720004329,3.552007211,4.549656748,15.1,24.8,34,47.1,55.1,61.4,65.1,67.8,70.1,75.7,77.2,79.2,81.3,83.9,85.193,85.2,86.34,83.6173,87.4791,89.1347,89.6861,91.8,93.1461,94.3499,95.5694,96.8046,97.3444
Channel Islands,CHI,Individuals using the Internet (% of population),IT.NET.USER.ZS,,,,,,,,,,,,,,,,,,,,,,,,,,,,,,,,,,,,,,,,,,,,,,,,,,,,,,,,,,,,,,,,
Chile,CHL,Individuals using the Internet (% of population),IT.NET.USER.ZS,,,,,,,,,,,,,,,,,,,,,,,,,,,,,,,0,0,0.036548938,0.071783144,0.141084507,0.346980781,0.68347561,1.057092496,1.662322022,4.103419297,16.6,19.1,22.1,25.4738,28.1779,31.1753,34.4978,35.9,37.3,41.56,45,52.2496,55.05,58,61.11,76.6296,83.5586,82.3275,84.9,85.0176,87.4593,88.8045,90.6769,94.1192
China,CHN,Individuals using the Internet (% of population),IT.NET.USER.ZS,,,,,,,,,,,,,,,,,,,,,,,,,,,,,,,0,0,0,0.00016868,0.001168115,0.00495471,0.013081692,0.032394861,0.168540297,0.708187957,1.77591,2.63965,4.5957,6.2,7.3,8.52326,10.5232,16,22.6,28.9,34.3,38.3,42.3001,45.8,47.9,50.3,53.2,54.3,59.2,64.0809,70.0528,73.0532,75.6113,77.4827
Cote d'Ivoire,CIV,Individuals using the Internet (% of population),IT.NET.USER.ZS,,,,,,,,,,,,,,,,,,,,,,,,,,,,,,,0,0,0,0,0,0.000200256,0.00840978,0.018828361,0.060974439,0.118685917,0.231462,0.395748,0.497929,0.75867,0.849282,1.03924,1.5249,1.8,1.9,2,2.7,2.9,4.4,6.6,10,38.44,41.2078,43.8399,37.5465,36.289,36.0166,38.7504,38.4133,
Cameroon,CMR,Individuals using the Internet (% of population),IT.NET.USER.ZS,,,,,,,,,,,,,,,,,,,,,,,,,,,,,,,0,0,0,0,0,0,,0.006768744,0.013216341,0.129067581,0.25212,0.277051,0.360872,0.587623,0.976075,1.40265,2.02874,2.93,3.4,3.84,4.3,5,7.5,10,16.2149,18.3,20.6,23.203,29.7,36.5392,41.2264,42.5456,43.8629,
"Congo, Dem. Rep.",COD,Individuals using the Internet (% of population),IT.NET.USER.ZS,,,,,,,,,,,,,,,,,,,,,,,,,,,,,,,0,0,0,0,0,0,0.000108207,0.000211213,0.000413065,0.001009076,0.00590211,0.0114758,0.0927907,0.134915,0.196208,0.238038,0.296054,0.37,0.44,0.56,0.72,1.2,1.67996,2.2,3,3.8,10.1,8.6199,11.7,16.4812,19.8388,26.17,27.24,
"Congo, Rep.",COG,Individuals using the Internet (% of population),IT.NET.USER.ZS,,,,,,,,,,,,,,,,,,,,,,,,,,,,,,,0,0,0,0,0,0,0.00352686,0.003469104,0.003415143,0.016791049,0.0263547,0.0322236,0.15725,0.460014,1.0775,1.46342,2.00799,2.7597,4.28751,4.5,5,5.6,6.1067,6.6,7.11,7.61597,8.12195,8.65,,,24.8206,32.7417,36.2469,
Colombia,COL,Individuals using the Internet (% of population),IT.NET.USER.ZS,,,,,,,,,,,,,,,,,,,,,,,,,,,,,,,0,0,0,0,0.107173945,0.18804679,0.330017773,0.550521023,1.126225245,1.697730794,2.20753,2.8542,4.6,7.38892,9.11869,11.0073,15.3417,21.8,25.6,30,36.5,40.3509,48.98,51.7,52.5681,55.905,58.1365,62.2599,64.1264,65.0069,69.7953,73.0284,72.7964,
Comoros,COM,Individuals using the Internet (% of population),IT.NET.USER.ZS,,,,,,,,,,,,,,,,,,,,,,,,,,,,,,,0,0,0,0,0,0,,0,0.03787097,0.148162964,0.271741,0.443068,0.55487,0.848189,1.32733,2,2.2,2.5,3,3.5,5.1,5.5,5.9753,6.5,6.98,7.45916,7.93832,8.47817,,16.3838,21.16321517,27.33694319,,
Cabo Verde,CPV,Individuals using the Internet (% of population),IT.NET.USER.ZS,,,,,,,,,,,,,,,,,,,,,,,,,,,,,,,0,0,0,0,0,0,,0.24096792,0.472735008,1.159982461,1.82244,2.68533,3.51876,4.32489,5.31883,6.07409,6.80891,8.28322,14,21,30,32,34.74,37.5,40.26,42.683,50.3228,57.1621,59.5,61.9434,69.3734,71.3752,72.1021,
Costa Rica,CRI,Individuals using the Internet (% of population),IT.NET.USER.ZS,,,,,,,,,,,,,,,,,,,,,,,,,,,,,,,0,0,0.001113325,0.081509754,0.279912479,0.416829206,0.84105704,1.640221288,2.666378698,3.904323257,5.80025,9.55948,19.8949,20.3336,20.7923,22.07,25.1,28.4,32.29,34.33,36.5,39.2122,47.5,45.96,53,59.763,65.8804,71.5817,73.4797,81.2026,80.5302,82.749,82.598,85.127
Caribbean small states,CSS,Individuals using the Internet (% of population),IT.NET.USER.ZS,,,,,,,,,,,,,,,,,,,,,,,,,,,,,,,0,0,0,0,0,0.239160235,0.602359691,0.873423253,1.514921469,2.164010796,3.675023762,5.649885165,9.595382581,12.94046023,14.99541552,17.55035972,20.66502639,23.98757157,28.17376977,33.12250804,36.77910588,40.64756193,43.78667017,45.47331887,48.79372587,50.90668926,52.96808122,56.37684301,60.75334311,67.60989076,73.61023384,77.51697333,80.74642831,
Cuba,CUB,Individuals using the Internet (% of population),IT.NET.USER.ZS,,,,,,,,,,,,,,,,,,,,,,,,,,,,,,,0,0,0,0,0,9.17E-05,0.031949001,0.068220214,0.226699199,0.314690541,0.541183,1.07975,3.77059,5.24127,8.40798,9.73806,11.1596,11.69,12.94,14.33,15.9,16.0173,21.2,27.93,29.0702,37.3051,42.9787,57.1484,62.6789,67.9708,71.1191,67.6435,73.2178,
Curacao,CUW,Individuals using the Internet (% of population),IT.NET.USER.ZS,,,,,,,,,,,,,,,,,,,,,,,,,,,,,,,,,,,,,,,,,,,,,,,,,,,,,,,,,61.8555,68.1272,,,,,,
Cayman Islands,CYM,Individuals using the Internet (% of population),IT.NET.USER.ZS,,,,,,,,,,,,,,,,,,,,,,,,,,,,,,,0,0,0,0,0,3.948967193,,,,,,,,,,38.0344,44.5,52,61,64.5,66,69.4659,69.7,71.4,74.1,77,79,81.0677,,,,,,
Cyprus,CYP,Individuals using the Internet (% of population),IT.NET.USER.ZS,,,,,,,,,,,,,,,,,,,,,,,,,,,,,,,0,0,0.05006043,0.056367482,0.111034621,0.410120685,0.673343541,4.378272095,8.890539159,11.34239866,15.2554,18.8188,28.32,30.09,33.83,32.81,35.83,40.77,42.31,49.81,52.99,56.8599,60.6899,65.4548,69.3287,71.7157,75.9002,80.7432,84.4336,86.0636,90.8019,90.7595,89.601,91.2212
Czechia,CZE,Individuals using the Internet (% of population),IT.NET.USER.ZS,,,,,,,,,,,,,,,,,,,,,,,,,,,,,,,0,0,0,0.581319529,1.259217838,1.45357584,1.940378193,2.915698695,3.895906065,6.832802018,9.78053,14.6972,23.93,34.3,35.5,35.27,47.93,51.93,62.97,64.43,68.82,70.49,73.43,74.1104,74.2317,75.6688,76.4812,78.7192,80.6882,80.8669,81.3389,82.6706,84.5401,85.9941
Germany,DEU,Individuals using the Internet (% of population),IT.NET.USER.ZS,,,,,,,,,,,,,,,,,,,,,,,,,,,,,,,0.125892223,0.250274153,0.43528529,0.463635096,0.922541043,1.837737754,3.054805234,6.711087477,9.877852428,20.84598264,30.2163,31.6509,48.82,55.9,64.73,68.71,72.16,75.16,78,79,82,81.27,82.35,84.17,86.1937,87.5898,84.1652,84.3942,87.0371,88.1345,89.8129,91.4306,91.6298,92.4764
Djibouti,DJI,Individuals using the Internet (% of population),IT.NET.USER.ZS,,,,,,,,,,,,,,,,,,,,,,,,,,,,,,,0,0,0,0,0,0.01603083,0.031166241,0.082941498,0.094696004,0.105761909,0.194501,0.343526,0.486972,0.62594,0.781317,0.953611,1.27004,1.62,2.26,4,6.5,7,9.4,12.7,17,22.9,30.8,55.6814,58,59.342,62.5104,64.0414,65.0322,
Dominica,DMA,Individuals using the Internet (% of population),IT.NET.USER.ZS,,,,,,,,,,,,,,,,,,,,,,,,,,,,,,,0,0,0,0,0,0.548762737,1.165518146,,2.925345191,2.932164377,8.81484,13.2452,18.4249,23.6204,30.3196,38.5436,39.3982,40.2745,41.16,42.02,47.45,48.6,49.8,51,57.5,65,67.03,69.6197,,73.3819,75.6567,82.3506,83.3767,
Denmark,DNK,Individuals using the Internet (% of population),IT.NET.USER.ZS,,,,,,,,,,,,,,,,,,,,,,,,,,,,,,,0.097277268,0.194056515,0.386913951,0.578329976,1.34430775,3.82565642,5.714987841,11.38200494,22.66874615,30.59204065,39.1724,42.9575,64.25,76.26,80.93,82.74,86.65,85.03,85.02,86.84,88.72,89.81,92.26,94.6297,95.9935,96.3305,96.9678,97.0994,97.3192,98.0464,96.5491,98.8659,97.8601,98.7756
Dominican Republic,DOM,Individuals using the Internet (% of population),IT.NET.USER.ZS,,,,,,,,,,,,,,,,,,,,,,,,,,,,,,,0,0,0,0,0,0.017233601,0.074987053,0.142687565,0.233914189,1.104743874,3.70469,4.42939,6.82373,7.89839,8.86555,11.4832,14.8449,17.66,20.82,27.72,31.4,38,42.32,45.9,49.58,54.2158,63.8709,67.5712,74.822,79.7155,81.6173,85.243,84.3832,
Algeria,DZA,Individuals using the Internet (% of population),IT.NET.USER.ZS,,,,,,,,,,,,,,,,,,,,,,,,,,,,,,,0,0,0,0,0.000360674,0.001768954,0.001738533,0.010268463,0.020238555,0.199523843,0.491706,0.646114,1.59164,2.19536,4.63448,5.84394,7.37598,9.45119,10.18,11.23,12.5,14.9,18.2,22.5,29.5,38.2,42.9455,47.6911,49.0385,58.9776,60.6534,66.2356,71.2432,
East Asia & Pacific (excluding high income),EAP,Individuals using the Internet (% of population),IT.NET.USER.ZS,,,,,,,,,,,,,,,,,,,,,,,,,,,,,,,0,1.78E-06,2.34E-05,0.000874985,0.003645225,0.011920545,0.033807712,0.094710333,0.324281153,0.852905648,1.892129127,2.777817994,4.401795317,5.749968405,6.866594122,8.298031538,10.149934,14.35189908,19.20280831,23.69078694,28.89705804,32.32186451,35.66761216,38.23092194,41.14893226,44.01529356,47.61340819,50.04246015,55.86747509,60.65508125,66.50887414,70.80578404,74.84475101,77.12007653
Early-demographic dividend,EAR,Individuals using the Internet (% of population),IT.NET.USER.ZS,,,,,,,,,,,,,,,,,,,,,,,,,,,,,,,0.00026064,0.001002683,0.002426085,0.005589555,0.011675261,0.040927062,0.080798132,0.163242999,0.342411083,0.610763425,1.225769802,1.675893187,2.821800088,3.393843034,4.207871467,4.881894118,5.748383267,7.298648487,8.447609584,9.628812921,12.75668953,15.29049027,17.02063415,18.89616905,21.39468549,24.30999491,27.08580483,29.89543307,32.86578744,39.70030968,48.09199874,51.90416141,,
East Asia & Pacific,EAS,Individuals using the Internet (% of population),IT.NET.USER.ZS,,,,,,,,,,,,,,,,,,,,,,,,,,,,,,,0.00734824,0.015138366,0.031765035,0.063062439,0.109100272,0.195088683,0.471907395,1.094021299,1.902457575,3.442650715,5.627365913,7.295886146,9.034619776,10.60798514,12.64791542,14.7,16.7,20.8,25.3,29.5,34.2,37.3,40.4,43.3,45.5,48.3,51.7,53.8,58.9,63.8,69,72.8,75.6,79
Europe & Central Asia (excluding high income),ECA,Individuals using the Internet (% of population),IT.NET.USER.ZS,,,,,,,,,,,,,,,,,,,,,,,,,,,,,,,0,0,0,0.002590264,0.018016532,0.037524359,0.096656357,0.225816603,0.342451879,0.922834992,1.673752458,2.491310423,5.343177378,6.19850568,8.46241791,9.341987645,11.65668311,16.36618793,20.63613519,24.984404,30.13161481,34.91775014,39.44490827,43.1770946,48.60027097,51.90120804,56.22685934,60.47103637,68.13997015,73.45714429,74.95730697,78.7016294,81.85799688,
Europe & Central Asia,ECS,Individuals using the Internet (% of population),IT.NET.USER.ZS,,,,,,,,,,,,,,,,,,,,,,,,,,,,,,,0.048030834,0.101867513,0.18060224,0.279651313,0.524234489,0.989489639,1.834096886,3.342196508,5.411875565,9.202253915,13.13348304,16.35988714,22.9701392,28.25160872,32.24669999,34.7,38,43.6,48.1,52.7,57,60.2,63.9,66.3,68.8,69.8,72.3,74.4,78.1,80.3,83.4,86,87.9,90.1
Ecuador,ECU,Individuals using the Internet (% of population),IT.NET.USER.ZS,,,,,,,,,,,,,,,,,,,,,,,,,,,,,,,0,0,0.005118035,0.016400751,0.034833586,0.043833641,0.086161276,0.110217959,0.125272771,0.823371634,1.46219,2.67044,4.2608,4.46023,4.83444,5.99426,7.2,10.8,18.8,24.6,29.03,31.3668,35.1351,40.2791,45.5904,48.9404,54.0629,55.8,57.5,59.2,70.7,70.2073,69.7181,72.6943
"Egypt, Arab Rep.",EGY,Individuals using the Internet (% of population),IT.NET.USER.ZS,,,,,,,,,,,,,,,,,,,,,,,,,,,,,,,0,0,0,0.000975791,0.00638327,0.031319638,0.061466899,0.090480245,0.147987377,0.290445278,0.641265,0.838946,2.72,4.03789,11.92,12.75,13.66,16.03,18.01,20,21.6,25.6,26.4,29.4,33.8946,37.8194,41.2481,44.9502,46.9243,57.2829,71.9142,72.056,72.1981,
Euro area,EMU,Individuals using the Internet (% of population),IT.NET.USER.ZS,,,,,,,,,,,,,,,,,,,,,,,,,,,,,,,0.071508752,0.157953419,0.306767745,0.453863359,0.820662406,1.649950773,2.848564865,5.045066898,7.929505032,15.04449253,22.27087702,27.13379213,34.90045507,41.79662124,47.18876439,50.9481224,54.69862744,61.12616804,64.58799511,66.99744506,70.88311514,71.79412586,73.93834569,75.71121246,76.97227238,77.38965463,77.92949994,79.51994205,82.90886774,83.34744729,85.20381391,87.19808218,89.29201408,90.61037851
Eritrea,ERI,Individuals using the Internet (% of population),IT.NET.USER.ZS,,,,,,,,,,,,,,,,,,,,,,,,,,,,,,,0,0,0,0,0,0,0,0.009017718,0.008774236,0.025495028,0.136712,0.157815,0.22709,,,,,0.41,0.47,0.54,0.61,0.7,0.8,0.9,0.99,1.08373,1.17712,2.5,5.3,11.2,23.8002,25.0991,26.5942,
Spain,ESP,Individuals using the Internet (% of population),IT.NET.USER.ZS,,,,,,,,,,,,,,,,,,,,,,,,,,,,,,,0.012873564,0.025686194,0.076845453,0.127689668,0.280069738,0.380800728,1.331847404,2.803319625,4.361892394,7.085039678,13.625,18.1487,20.39,39.93,44.01,47.88,50.37,55.11,59.6,62.4,65.8,67.09,69.81,71.635,76.1867,78.6896,80.5613,84.6022,86.1072,90.7187,93.2056,93.8975,94.4855,95.4456
Estonia,EST,Individuals using the Internet (% of population),IT.NET.USER.ZS,,,,,,,,,,,,,,,,,,,,,,,,,,,,,,,0,0,0.065484797,0.300711282,1.159750913,2.778968489,3.525111129,5.706276548,10.79603483,14.50089724,28.577,31.5275,41.52,45.32,53.2,61.45,63.51,66.19,70.58,72.5,74.1,76.5,78.3899,80.0043,84.2415,88.4097,87.2402,88.1025,89.357,90.2289,89.0583,90.9797,91.5202,93.1834
Ethiopia,ETH,Individuals using the Internet (% of population),IT.NET.USER.ZS,,,,,,,,,,,,,,,,,,,,,,,,,,,,,,,0,0,0,0,0,1.75E-05,0.001703448,0.00496672,0.009663517,0.012541599,0.0152638,0.0371624,0.0724023,0.105812,0.155335,0.21966,0.310593,0.37,0.45,0.54,0.75,1.1,2.9,4.6,7.7,13.8552,15.3669,15.6,15.9,16,16.0696,16.6981,19.3781,
European Union,EUU,Individuals using the Internet (% of population),IT.NET.USER.ZS,,,,,,,,,,,,,,,,,,,,,,,,,,,,,,,0.066858554,0.145456993,0.27223781,0.415227505,0.785176807,1.514385168,2.623168721,4.799629442,7.688772945,13.63300954,19.68655652,24.19280448,32.18788752,38.66716461,44.23425156,48.34747865,52.63237046,58.32606101,62.31702554,65.08567735,68.74083241,69.64193477,71.84271055,73.59449511,75.17869523,75.66593691,76.92178217,78.7162161,81.75642493,82.75927304,84.76970086,86.95643651,88.9038893,90.16460925
Fragile and conflict affected situations,FCS,Individuals using the Internet (% of population),IT.NET.USER.ZS,,,,,,,,,,,,,,,,,,,,,,,,,,,,,,,0,0,0.00050142,0.001797004,0.003640861,0.009752076,0.029052034,0.062514493,0.141760954,0.244032694,0.371769384,0.443479852,0.699276071,1.065081997,1.446514471,2.3,3.1,4.3,5.3,6.7,8.2,9.6,11.5,13.4,15.6,17.8,20,22.5,25.3,28,31.9,34,36.7,39.3
Finland,FIN,Individuals using the Internet (% of population),IT.NET.USER.ZS,,,,,,,,,,,,,,,,,,,,,,,,,,,,,,,0.40108767,1.397439332,1.88687977,2.568461349,4.915098554,13.90030389,16.78007526,19.4586828,25.45252493,32.29509229,37.2485,43.1054,62.43,69.22,72.39,74.48,79.66,80.78,83.67,82.49,86.89,88.71,89.88,91.5144,86.5304,86.4221,87.7036,87.4689,88.89,89.6074,92.1703,92.8081,92.9888,93.5139
Fiji,FJI,Individuals using the Internet (% of population),IT.NET.USER.ZS,,,,,,,,,,,,,,,,,,,,,,,,,,,,,,,0,0,0,0.006678447,0.007907399,0.009115343,0.064437142,0.223454842,0.633167865,0.942462063,1.49685,1.85798,6.15265,6.72543,7.41294,8.45364,9.60004,10.8978,13,17,20,28,33.7424,35.2,37.4,42.5,49.42,65.78,68.9,77.1867,83.0267,81.9,85.2199,
France,FRA,Individuals using the Internet (% of population),IT.NET.USER.ZS,,,,,,,,,,,,,,,,,,,,,,,,,,,,,,,0.052777862,0.140113895,0.279049463,0.590619383,0.899867425,1.637947245,2.584033979,4.255003872,6.319778722,9.125317889,14.3079,26.3259,30.18,36.14,39.15,42.87,46.87,66.09,70.68,71.58,77.28,77.82,81.44,81.9198,83.7511,78.006,79.2698,80.5025,82.0432,83.3397,84.7064,86.0955,85.3333,86.8364
Faroe Islands,FRO,Individuals using the Internet (% of population),IT.NET.USER.ZS,,,,,,,,,,,,,,,,,,,,,,,,,,,,,,,0,0,0,0,0,0,2.318786811,4.601297566,11.33786848,22.29753835,32.9164,43.247,53.2992,58.9126,66.5336,67.9026,69.3594,75.98,75.57,75.18,75.2,80.7322,85.3352,90,93.3,94.2,95.1087,97.582,,,,,,
"Micronesia, Fed. Sts.",FSM,Individuals using the Internet (% of population),IT.NET.USER.ZS,,,,,,,,,,,,,,,,,,,,,,,,,,,,,,,0,0,0,0,0,0,0.278037795,0.570676845,1.858718785,2.797594069,3.73486,4.66053,5.5701,9.2325,11.0179,11.8814,12.7503,13.6211,14.49,15.35,20,22.8,25.9744,27.8,29.65,31.5011,33.3522,35.3041,36.6,38,39.3833,39.9648,40.5434,
Gabon,GAB,Individuals using the Internet (% of population),IT.NET.USER.ZS,,,,,,,,,,,,,,,,,,,,,,,,,,,,,,,0,0,0,0,0,0,0,0.047999009,0.17012488,0.249009564,1.21614,1.34762,1.93953,2.65959,2.97907,4.89326,5.4892,5.767,7.5,9.5,13,18,24,30.538,38.0712,45.7845,48.0523,50.3201,59.6,68.6855,72.2754,73.1414,73.6951,
United Kingdom,GBR,Individuals using the Internet (% of population),IT.NET.USER.ZS,,,,,,,,,,,,,,,,,,,,,,,,,,,,,,,0.087355319,0.174230922,0.260615159,0.519762001,1.036609166,1.895168284,4.123650336,7.385398957,13.6699831,21.29363827,26.8218,33.4811,56.48,64.82,65.61,70,68.82,75.09,78.39,83.56,85,85.38,87.48,89.8441,91.6133,92.0003,94.7758,90.4246,90.692,92.5166,94.8182,95.2591,95.3412,
Georgia,GEO,Individuals using the Internet (% of population),IT.NET.USER.ZS,,,,,,,,,,,,,,,,,,,,,,,,,,,,,,,0,0,0,0,0,0.011836885,0.040065419,0.060930333,0.102830957,0.416343567,0.484746,0.992344,1.58788,2.55882,3.88622,6.07946,7.52688,8.26,10.01,20.07,26.9,31.52,36.94,43.3,49.1025,47.5698,58.4593,59.7055,62.7179,68.8467,72.5316,76.4427,78.7113,81.8842
Ghana,GHA,Individuals using the Internet (% of population),IT.NET.USER.ZS,,,,,,,,,,,,,,,,,,,,,,,,,,,,,,,0,0,0,0,0,0.000347918,0.005648763,0.027537542,0.032240443,0.104895466,0.153615,0.200008,0.830284,1.19306,1.7168,1.8312,2.72318,3.85,4.27,5.44,7.8,9,10.6,15,19,23,28,37.8842,43,22.0732,62.5176,68.6,69.8405,
Gibraltar,GIB,Individuals using the Internet (% of population),IT.NET.USER.ZS,,,,,,,,,,,,,,,,,,,,,,,,,,,,,,,0,0,0,0,0,0,,2.662907268,4.183794329,5.936978297,19.1316,21.1711,23.6702,28.3258,32.8861,39.0701,45.2986,51.61,58,65.07,65,65,65.017,,,,94.4445,,,,,,,
Guinea,GIN,Individuals using the Internet (% of population),IT.NET.USER.ZS,,,,,,,,,,,,,,,,,,,,,,,,,,,,,,,0,0,0,0,0.000138318,0.000668589,0.001948942,0.003803109,0.006203369,0.060808919,0.0954249,0.175542,0.402023,0.45096,0.508819,0.542254,0.637492,0.780025,0.92,0.94,1,2,3.1,4.5,6.4,9.2,13.1,18.7,21.83,23.3663,29.3934,31.311,33.923,
"Gambia, The",GMB,Individuals using the Internet (% of population),IT.NET.USER.ZS,,,,,,,,,,,,,,,,,,,,,,,,,,,,,,,0,0,0,0,0,0.009217541,0.03550736,0.051311347,0.206094461,0.715827015,0.921795,1.33679,1.79678,2.43678,3.308,3.799,5.23769,6.20504,6.88,7.63,9.2,10.8703,12.4492,14,15.56,17.6,19.9,22.5,28.3,35.6,44.8133,49.6646,54.1899,
Guinea-Bissau,GNB,Individuals using the Internet (% of population),IT.NET.USER.ZS,,,,,,,,,,,,,,,,,,,,,,,,,,,,,,,0,0,0,0,0,0,,0.016389063,0.024060421,0.117702448,0.230103,0.299569,1.02299,1.3542,1.80814,1.90137,2.0572,2.2063,2.35489,2.30328,2.45,2.672,2.89399,3.1,3.32,6.1,13.8,14.8,15.7,22.9201,28.1686,28.5397,31.567,
Equatorial Guinea,GNQ,Individuals using the Internet (% of population),IT.NET.USER.ZS,,,,,,,,,,,,,,,,,,,,,,,,,,,,,,,0,0,0,0,0,0,,0.041462292,0.094423774,0.097415945,0.132355,0.16526,0.321198,0.520524,0.84393,1.14979,1.27919,1.55712,1.82,2.13,6,11.5,13.9432,16.4,18.86,21.32,23.78,26.24,,49.1337,55.0013,60.5587,66.8193,
Greece,GRC,Individuals using the Internet (% of population),IT.NET.USER.ZS,,,,,,,,,,,,,,,,,,,,,,,,,,,,,,,0,0.048788803,0.048291602,0.191062242,0.378174312,0.749616477,1.395360779,1.849634688,3.221821786,6.877292144,9.13884,10.935,14.67,17.8,21.42,24,32.25,35.88,38.2,42.4,44.4,51.65,55.07,59.8663,63.2073,66.835,69.0879,69.893,72.2384,75.6712,78.1158,78.4943,83.1707,85.0102
Grenada,GRD,Individuals using the Internet (% of population),IT.NET.USER.ZS,0,,,,,0,,,,,0,,,,,0,0,0,0,0,0,0,0,0,0,0,0,0,0,0,0,0,0,0,0,0,0.298032982,0.990883868,1.484854484,2.473166147,4.06391,5.1281,14.7588,18.6452,19.5706,20.4878,21.396,22.29,23.18,24.05,27,30,32,35,51.6,52.5,53.3,54.2,61.4,69.6122,73.2676,71.1154,79.8955,
Greenland,GRL,Individuals using the Internet (% of population),IT.NET.USER.ZS,,,,,,,,,,,,,,,,,,,,,,,,,,,,,,,0,0,0,0,0.064712121,0.053940342,1.796719191,7.954504682,14.65444717,21.60261331,31.7478,35.4641,44.1548,54.5343,56.099,57.7034,59.3617,61.07,62.82,62.83,63,64,64.896,65.8,66.7,67.6004,68.5009,69.4825,,,,,,
Guatemala,GTM,Individuals using the Internet (% of population),IT.NET.USER.ZS,,,,,,,,,,,,,,,,,,,,,,,,,,,,,,,0,0,0,0,0,0.002998005,0.019534871,0.095476021,0.466590444,0.592652945,0.712333,1.7382,3.39175,4.54885,5.1,5.7,6.5,7.3,8.3,9.3,10.5,12.3,16,19.7,23.4,28.8059,34.5093,37.9,41.5,44.401,47.5123,50.8416,54.4043,
Guam,GUM,Individuals using the Internet (% of population),IT.NET.USER.ZS,,,,,,,,,,,,,,,,,,,,,,,,,,,,,,,0,0,0,0,0.34845391,0.659530909,1.356106888,2.344571647,4.50128419,8.497176323,16.1131,25.3802,31.1923,33.7167,36.1618,38.5599,43.8514,46.1505,48.4187,50.642,54.04,57.7,61.5342,65.4,69.27,73.14,77.01,80.5055,,,,,,
Guyana,GUY,Individuals using the Internet (% of population),IT.NET.USER.ZS,,,,,,,,,,,,,,,,,,,,,,,,,,,,,,,0,0,0,0,0,0,0.065854115,0.131828033,0.26408811,0.4,0.6,1,1.5,2.4,3.7,5.7,8.9,13.8,18.2,23.9,29.9,30,30.5,31,32,34,35.66,42.7,51.1,61.1,73.1413,81.0716,85.3163,
High income,HIC,Individuals using the Internet (% of population),IT.NET.USER.ZS,,,,,,,,,,,,,,,,,,,,,,,,,,,,,,,0.21887019,0.355480335,0.566941888,0.811451065,1.642319568,3.096616306,5.703136143,9.019827014,13.60727912,19.65456562,26.55989885,31.97062795,39.35432081,44.00251494,49.19418415,52.9,55.7,61.3,64.1,66.4,69,70.5,73.8,75.2,77,78.3,82.5,84.3,86.4,87.6,90,91.3,92,93.1
"Hong Kong SAR, China",HKG,Individuals using the Internet (% of population),IT.NET.USER.ZS,,,,,,,,,,,,,,,,,,,,,,,,,,,,,,,0,0.120955444,0.849527883,1.334568031,2.784198266,3.218635643,4.748838672,10.51875705,14.54597958,21.23068197,27.8278,38.6714,43.0824,52.2,56.3999,56.9,60.8,64.8,66.7,69.4,72,72.2,72.9,74.2,79.8663,84.9484,87.4794,89.4159,90.5074,91.7434,92.4131,93.0872,95.6136,
Honduras,HND,Individuals using the Internet (% of population),IT.NET.USER.ZS,,,,,,,,,,,,,,,,,,,,,,,,,,,,,,,0,0,0,0,0,0.036775252,0.043711246,0.170996468,0.301247214,0.573575476,1.20386,1.41528,2.5974,4.8,5.6,6.5,7.8,9.4,9.6,9.8,11.09,15.9,18.12,17.8,23,27.1395,29.5282,31.7358,36.0401,39.3884,45.2483,51.9801,59.7135,
Heavily indebted poor countries (HIPC),HPC,Individuals using the Internet (% of population),IT.NET.USER.ZS,,,,,,,,,,,,,,,,,,,,,,,,,,,,,,,0,0,0,0,0.000296614,0.002530417,0.008958561,0.024481561,0.044761567,0.102558388,0.165108829,0.240293009,0.395958751,0.607006222,0.896125746,1.17241556,1.490807576,2.252251503,2.194689611,2.698624094,3.354944147,3.952774673,4.934688357,5.990794511,7.849394315,11.20217541,13.93064166,15.86131571,18.53492924,19.92493555,24.31884247,27.64688864,30.92904987,
Croatia,HRV,Individuals using the Internet (% of population),IT.NET.USER.ZS,,,,,,,,,,,,,,,,,,,,,,,,,,,,,,,0,0,0,0.097213389,0.268318997,0.51402859,0.858982368,1.729609312,3.273220279,4.405359119,6.64488,11.5586,17.76,22.75,30.91,33.14,37.98,41.44,44.24,50.58,56.55,57.79,61.94,66.7476,68.5679,69.845,72.6973,67.0962,75.2946,79.0798,78.3209,81.254,82.0716,83.2412
Haiti,HTI,Individuals using the Internet (% of population),IT.NET.USER.ZS,,,,,,,,,,,,,,,,,,,,,,,,,,,,,,,0,0,0,0,0,0,0.007484253,,0.023999477,0.070658478,0.231271,0.340832,0.893433,1.64736,5.40126,6.3762,6.796,7.2,7.6,8.1,8.37,9,9.8,10.6,11.4,14.2,22.8,27.2,32.4736,39.262,36.39474796,38.94501834,,
Hungary,HUN,Individuals using the Internet (% of population),IT.NET.USER.ZS,,,,,,,,,,,,,,,,,,,,,,,,,,,,,,,0,0.00338263,0.048353421,0.193414395,0.483580975,0.677486054,0.969239536,1.942449872,3.894643278,5.857840749,6.99968,14.5286,16.67,21.63,27.74,38.97,47.06,53.3,61,62,65,68.02,70.58,72.6439,75.6532,72.8347,79.2594,76.7505,76.0744,80.3717,84.7712,88.6408,89.1428,91.4501
IBRD only,IBD,Individuals using the Internet (% of population),IT.NET.USER.ZS,,,,,,,,,,,,,,,,,,,,,,,,,,,,,,,0,0.000493598,0.00230718,0.00674093,0.018280343,0.05022505,0.111213561,0.219785016,0.495816234,0.971309707,1.872429392,2.689927994,4.499479539,5.775888302,7.396340758,8.7,10.6,13.8,17.1,20.7,25,28.6,31.6,34,36.4,39.2,42.1,44.9,48.7,54.6,62.8,66.3,68.7,72.2
IDA & IBRD total,IBT,Individuals using the Internet (% of population),IT.NET.USER.ZS,,,,,,,,,,,,,,,,,,,,,,,,,,,,,,,0,0.000394822,0.001841514,0.005368261,0.014560814,0.039994625,0.093786961,0.180433282,0.403144117,0.780889673,1.5556147,2.178893978,3.654846899,4.759034335,6.095300022,7.2,8.8,11.4,14.1,16.9,20.4,23.3,25.8,27.9,30.2,32.8,35.6,38.3,41.9,46.9,53.8,57.1,59.7,63.1
IDA total,IDA,Individuals using the Internet (% of population),IT.NET.USER.ZS,,,,,,,,,,,,,,,,,,,,,,,,,,,,,,,0,0,0,5.67E-06,0.000203585,0.000968232,0.007407121,0.021566835,0.040655098,0.079912809,0.167358638,0.388938726,0.732404745,1.303806365,1.717191363,2.2,2.8,3.6,4.2,4.9,5.9,6.8,7.9,9.3,11.5,13.9,16.5,19.1,22.2,25.3,28.9,32.2,35.6,39.1
IDA blend,IDB,Individuals using the Internet (% of population),IT.NET.USER.ZS,,,,,,,,,,,,,,,,,,,,,,,,,,,,,,,0,0,0,1.70E-05,7.91E-05,0.000833955,0.007797083,0.02644007,0.044608124,0.079030118,,0.73426234,1.450686735,2.780335571,3.577630107,4.5,5.5,6.3,7,7.9,9.3,10.6,12.1,14.2,16.4,18.1,19.7,21.3,23.5,26.6,29.1,33.1,38.1,41.5
Indonesia,IDN,Individuals using the Internet (% of population),IT.NET.USER.ZS,,,,,,,,,,,,,,,,,,,,,,,,,,,,,,,0,0,0,0,0.001059744,0.026109477,0.056623989,0.194910264,0.255306646,0.444415936,0.925564,2.01861,2.13414,2.38702,2.60029,3.60202,4.76481,5.78627,7.91748,6.92,10.92,12.28,14.52,14.94,17.1432,22.0627,25.4474,32.3358,39.9046,47.6906,53.7265,62.1045,66.4846,69.2084
IDA only,IDX,Individuals using the Internet (% of population),IT.NET.USER.ZS,,,,,,,,,,,,,,,,,,,,,,,,,,,,,,,0,0,0,0,0.000265747,0.001035402,,0.018769898,0.038448367,0.080369699,0.148415785,0.21566389,0.371085866,0.557918869,0.774729908,1,1.5,2.3,2.8,3.4,4.2,4.9,5.8,6.9,9.1,11.7,14.8,18,21.6,24.7,28.9,31.7,34.3,38
Isle of Man,IMN,Individuals using the Internet (% of population),IT.NET.USER.ZS,,,,,,,,,,,,,,,,,,,,,,,,,,,,,,,,,,,,,,,,,,,,,,,,,,,,,,,,,,,,,,,,
India,IND,Individuals using the Internet (% of population),IT.NET.USER.ZS,,,,,,,,,,,,,,,,,,,,,,,,,,,,,,,0,0,0.000111308,0.000218176,0.001069562,0.026228879,0.046333977,0.070767849,0.139027329,0.273224277,0.527532,0.660146,1.53788,1.68649,1.97614,2.38807,2.8055,3.95,4.38,5.12,7.5,10.07,11.1,12.3,13.5,14.9,16.5,18.2,20.0813,29.5235,43.4054,,,
Not classified,INX,Individuals using the Internet (% of population),IT.NET.USER.ZS,,,,,,,,,,,,,,,,,,,,,,,,,,,,,,,,,,,,,,,,,,,,,,,,,,,,,,,,,,,,,,,,
Ireland,IRL,Individuals using the Internet (% of population),IT.NET.USER.ZS,,,,,,,,,,,,,,,,,,,,,,,,,,,,,,,0,0.056796044,0.169686377,0.281141005,0.558377222,1.108386328,2.199301832,4.08825507,8.096010043,10.93380859,17.8505,23.1388,25.85,34.31,36.99,41.61,54.82,61.1583,65.34,67.38,69.85,74.89,76.92,78.2477,83.4917,83.4948,83.5,84.114,87.0001,87.0001,91.9999,94.456,95.5905,
"Iran, Islamic Rep.",IRN,Individuals using the Internet (% of population),IT.NET.USER.ZS,,,,,,,,,,,,,,,,,,,,,,,,,,,,,,,0,0,0,0,0.000408332,0.004179752,0.01582608,0.046756094,0.099815221,0.378569095,0.93419,1.48422,4.62618,6.93372,7.49,8.1,8.76,9.47,12.02,13.8,15.9,19,22.73,29.95,39.3536,45.335,53.2268,64.044,70.2006,72.4509,75.5699,78.5957,81.717,
Iraq,IRQ,Individuals using the Internet (% of population),IT.NET.USER.ZS,,,,,,,,,,,,,,,,,,,,,,,,,,,,,,,0,0,0,0,0,0,,,,,,0.1,0.5,0.6,0.9,0.9,0.952344,0.93,1,1.06,2.5,5,7.1,9.2,11.6453,15.2,19.9,49.36,33.9,44.3263,53.6778,65.0022,78.7156,
Iceland,ISL,Individuals using the Internet (% of population),IT.NET.USER.ZS,,,,,,,,,,,,,,,,,,,,,,,,,,,,,,,0,0.505129002,1.53916008,2.667825265,6.794811784,11.2158757,14.80647932,27.47886875,36.2642065,41.29456671,44.4705,49.393,79.12,83.14,83.88,87,89.51,90.6,91,93,93.39,94.8197,96.2098,96.5468,98.158,98.2,98.24,98.2552,99.011,99.5049,99.5328,99.687,99.8565,
Israel,ISR,Individuals using the Internet (% of population),IT.NET.USER.ZS,,,,,,,,,,,,,,,,,,,,,,,,,,,,,,,0.110773866,0.2146241,0.310579197,0.398833333,0.57696646,0.93042297,2.1683676,4.399405482,10.30706995,13.43612191,20.8738,17.3786,17.7646,19.5934,22.7705,25.194,27.8811,48.1281,59.39,63.12,67.5,68.8739,70.8,70.2503,75.0178,77.3521,79.6531,81.5812,83.7332,86.7879,90.1273,90.2969,91.8508,
Italy,ITA,Individuals using the Internet (% of population),IT.NET.USER.ZS,,,,,,,,,,,,,,,,,,,,,,,,,,,,,,,0.017544562,0.035063256,0.070053433,0.122462053,0.192304619,0.524412787,1.023289903,2.276737834,4.558519565,14.37841019,23.1109,27.2221,28.04,29.04,33.24,35,37.99,40.79,44.53,48.83,53.68,54.39,55.83,58.4593,55.6385,58.1417,61.3243,63.0773,74.3872,67.8507,70.4834,74.8623,85.0607,87.0278
Jamaica,JAM,Individuals using the Internet (% of population),IT.NET.USER.ZS,,,,,,,,,,,,,,,,,,,,,,,,,,,,,,,0,0,0,0,0.036817104,0.109487986,0.591145842,0.797797441,1.978726318,2.355688556,3.11578,3.86302,6.1,7.8,10,12.8,16.4,21.1,23.6,24.3,27.67,37.4386,33.79,37.1,40.4027,42.2212,44.3669,55.0721,68.2145,70.841,76.384,82.3607,85.1185,
Jordan,JOR,Individuals using the Internet (% of population),IT.NET.USER.ZS,,,,,,,,,,,,,,,,,,,,,,,,,,,,,,,0,0,0,0,0,0.02323392,0.044938549,0.599341106,1.305888264,2.526965353,2.62328,4.70572,6.02553,8.46601,11.6587,12.9329,13.8671,20,23,26,27.2,34.9,37,41.4,46.2,54.22,56.15,64.5,65.2,70.0847,78.4178,86,90.5,
Japan,JPN,Individuals using the Internet (% of population),IT.NET.USER.ZS,,,,,,,,,,,,,,,,,,,,,,,,,,,,,,,0.020293683,0.040438041,0.096678025,0.401277526,0.799684291,1.594363148,4.372981968,9.16307714,13.41404088,21.39129031,29.9907,38.5321,46.5942,48.4353,62.3939,66.9211,68.6853,74.3,75.4,78,78.21,79.0541,79.4964,88.2194,89.1068,91.058,93.1827,91.7265,88.7464,92.7304,90.2195,82.9141,84.9234,
Kazakhstan,KAZ,Individuals using the Internet (% of population),IT.NET.USER.ZS,,,,,,,,,,,,,,,,,,,,,,,,,,,,,,,0,0,0,0,0.000521079,0.011302355,0.031824512,0.064596754,0.131069604,0.464277218,0.668594,1.00612,1.67477,2.00041,2.65039,2.96171,3.26837,4.02,11,18.2,31.6,50.6,61.9066,63.3042,66,70.8299,74.5877,76.4267,78.9039,81.8776,85.9426,90.924,92.2969,92.8785
Kenya,KEN,Individuals using the Internet (% of population),IT.NET.USER.ZS,,,,,,,,,,,,,,,,,,,,,,,,,,,,,,,0,0,0,0,0,0.000727482,0.008839115,0.034406051,0.050261388,0.114256028,0.31806,0.619782,1.20777,2.9419,3.02353,3.1019,3.6,4.4,5.2,6.1,7.2,8.8,10.5,13,16.5,16.5879,16.6,17.8271,19.5,22.6688,27.5774,38.2459,40.8137,
Kyrgyz Republic,KGZ,Individuals using the Internet (% of population),IT.NET.USER.ZS,,,,,,,,,,,,,,,,,,,,,,,,,,,,,,,0,0,0,0,0,0,,,0.072808334,0.20471135,1.0414,3.00294,2.99927,3.90877,5.09039,10.5338,12.3069,14.03,15.7,16,16.3,17.5,19.8,23,28.3,30.247,40.5,50.8,62.8,64.1,72,74.6424,79.7703,
Cambodia,KHM,Individuals using the Internet (% of population),IT.NET.USER.ZS,,,,,,,,,,,,,,,,,,,,,,,,,,,,,,,0,0,0,0,0,0,,0.005844911,0.016324986,0.031969578,0.0470226,0.0769561,0.226983,0.26057,0.300437,0.317322,0.468357,0.49,0.51,0.53,1.26,3.1,4.94,6,14,6.43319,32.3985,32.9003,,52.3059,53.6508,55.6004,56.7328,
Kiribati,KIR,Individuals using the Internet (% of population),IT.NET.USER.ZS,,,,,,,,,,,,,,,,,,,,,,,,,,,,,,,0,0,0,0,0,0,,,0.616545618,1.211577838,1.78523,2.33746,2.5,3,3.5,4,4.5,6,7,8.97,9.07,10,10.7468,11.5,12.25,14.9,19.4194,25.3096,32.9864,42.9917,52.0585,54.0494,54.4214,
St. Kitts and Nevis,KNA,Individuals using the Internet (% of population),IT.NET.USER.ZS,,,,,,,,,,,,,,,,,,,,,,,,,,,,,,,0,0,0,0,0,0,1.945569823,2.258559942,3.343810607,4.400440044,5.86281,7.71473,21.1524,22.9698,24.7377,34,38.5,43.5,49.2,55.7,63,63.2,64,64.6,65.4,66.2,67,67.8,68.6,69.4,70.2753,69.1294,76.4575,
"Korea, Rep.",KOR,Individuals using the Internet (% of population),IT.NET.USER.ZS,,,,,,,,,,,,,,,,,,,,,,,,,,,,,,,0.023265092,0.046124435,0.098404337,0.249946523,0.311359364,0.81968667,1.624237192,3.600801564,6.781815468,23.55219445,44.7,56.6,59.4,65.5,72.7,73.5,78.1,78.8,81,81.6,83.7,83.7591,84.07,84.77,87.5568,89.8963,92.843,95.0694,96.0229,96.1576,96.5051,97.5713,97.1686,97.416
Kuwait,KWT,Individuals using the Internet (% of population),IT.NET.USER.ZS,,,,,,,,,,,,,,,,,,,,,,,,,,,,,,,0,0,0,0.091082245,0.147162703,0.202898433,0.855662317,2.174535859,3.052397455,4.756222209,6.7314,8.55179,10.249,22.4029,22.9271,25.9261,28.7912,34.8,42,50.8,61.4,65.7691,70.45,75.46,78.7,82,85.6,98,99.5988,99.5427,99.1059,99.7,99.8436,99.7473
Latin America & Caribbean (excluding high income),LAC,Individuals using the Internet (% of population),IT.NET.USER.ZS,,,,,,,,,,,,,,,,,,,,,,,,,,,,,,,0,0.002462502,0.008876126,0.01901543,0.039714698,0.093495507,0.287630412,0.575713485,1.137688493,1.833091155,3.360920501,5.073448147,8.497237927,10.85316807,14.15432874,16.25878972,20.48061087,23.35061899,25.94014111,30.35677648,33.99418668,38.65867114,42.19032756,45.13656636,47.70675375,53.36762992,56.44117778,59.31265981,62.72191426,68.16711737,73.44521285,75.3288298,77.52212113,83.19648674
Lao PDR,LAO,Individuals using the Internet (% of population),IT.NET.USER.ZS,,,,,,,,,,,,,,,,,,,,,,,,,,,,,,,0,0,0,0,0,0,,,0.009657814,0.037780708,0.111044,0.181664,0.267899,0.333912,0.361434,0.850357,1.16989,1.64,3.55,6,7,9,10.7477,12.5,14.26,18.2,21.87,25.5104,36.3,47.0323,54,62,66.1548,
Lebanon,LBN,Individuals using the Internet (% of population),IT.NET.USER.ZS,,,,,,,,,,,,,,,,,,,,,,,,,,,,,,,0,0,0,0,0,0.071617991,0.140166939,1.241079739,2.722352199,5.376809498,7.95274,6.78322,7,8,9,10.14,15,18.74,22.53,30.14,43.68,52,61.2498,70.5,73,74,76.11,78.1808,80.9,84.3,87.8607,87.8626,90.0522,
Liberia,LBR,Individuals using the Internet (% of population),IT.NET.USER.ZS,,,,,,,,,,,,,,,,,,,,,,,,,,,,,,,0,0,0,0,0,0,,0.004489443,0.004099387,0.011328732,0.0177027,0.0338122,0.0327133,0.0318689,0.0310112,,,0.551377,0.53,2,2.3,2.5,2.6,3.2,5.41,10,15.7,16.3,18.9,23.4826,27.4519,27.8136,30.1275,
Libya,LBY,Individuals using the Internet (% of population),IT.NET.USER.ZS,,,,,,,,,,,,,,,,,,,,,,,,,,,,,,,0,0,0,0,0,0,,,,0.133617289,0.187043,0.366533,2.24442,2.81452,3.53284,3.91779,4.30105,4.722,9,10.8,14,14,15.2,16.5,17.76,,,,,,87.5754,84.3378,88.4281,
St. Lucia,LCA,Individuals using the Internet (% of population),IT.NET.USER.ZS,,,,,,,,,,,,,,,,,,,,,,,,,,,,,,,0,0,0,0,0,0.305656686,0.670465974,0.992168483,1.304988973,1.932105802,5.09048,8.18186,14.6418,20.9825,21.3952,21.5676,24.5,27.9,30,31,32.5,34,45.865,49.4,53.2,57.3,61.7,66.4,69.4,72.5,75.8162,75.122,74.1859,
Latin America & Caribbean,LCN,Individuals using the Internet (% of population),IT.NET.USER.ZS,,,,,,,,,,,,,,,,,,,,,,,,,,,,,,,0,0.002211216,0.009616999,0.021121829,0.043305332,0.105574955,0.310107972,0.609109288,1.22927429,2.048838901,3.886428936,5.630853184,8.860225373,11.26511919,14.39367672,16.6,20.7,23.7,26.5,31,34.7,39.3,43,46.1,48.7,54.3,57.5,62.3,65.3,68,74.1,76,77.6,81
Least developed countries: UN classification,LDC,Individuals using the Internet (% of population),IT.NET.USER.ZS,,,,,,,,,,,,,,,,,,,,,,,,,,,,,,,0,0,0,0,0.000103372,0.0003432,,0.008657157,0.021423483,0.058291067,0.099129042,0.143856429,0.233608135,0.351498667,0.534072261,0.747927371,1.063620586,1.802346328,1.899154043,2.407215399,3.116312594,3.787460957,4.682019073,5.82808088,8.647375914,10.54684317,14.04528278,16.27259753,19.0572167,22.97457281,25.32454155,28.28020687,30.71570631,
Low income,LIC,Individuals using the Internet (% of population),IT.NET.USER.ZS,,,,,,,,,,,,,,,,,,,,,,,,,,,,,,,0,0,0,0,0,0.0002186,0.001820995,0.010174497,0.023908531,0.052656655,0.078546381,0.120650876,0.290853949,0.420282561,0.580483785,0.8,1.1,2.1,2.5,3.1,3.7,4.2,4.9,5.7,7,8.9,10.3,12.1,14,17.5,18.8,21.6,23.7,27.1
Liechtenstein,LIE,Individuals using the Internet (% of population),IT.NET.USER.ZS,,,,,,,,,,,,,,,,,,,,,,,,,,,,,,,0,0,0,0,0,0,,,,,36.5152,45.1169,59.4707,58.8097,64.0074,63.3714,64.2142,65.0802,70,75,80,85,89.4077,93.8,95.21,96.6412,98.0939,99.5466,,93.1461,94.3499,95.5694,96.8046,
Sri Lanka,LKA,Individuals using the Internet (% of population),IT.NET.USER.ZS,,,,,,,,,,,,,,,,,,,,,,,,,,,,,,,0,0,0,0,0.002765448,0.005484436,0.054464499,0.162464548,0.296351104,0.348414425,0.64741,0.793822,1.05042,1.45858,1.44616,1.79205,2.53757,3.88,,,,,,,10.5,15.26,22.19,25.1,28.3,32,36.1847,44.4531,50.1067,
Lower middle income,LMC,Individuals using the Internet (% of population),IT.NET.USER.ZS,,,,,,,,,,,,,,,,,,,,,,,,,,,,,,,0,0,5.64E-05,0.000143149,0.001102506,0.016294922,0.034945057,0.06033784,0.14827865,0.266741724,0.525487954,0.754559855,1.521104666,2.03917637,2.927823553,3.6,4.4,5.6,6.4,7.5,10.1,12.2,13.6,15.2,17.2,19.3,21.8,24.3,27.3,33.7,43.4,46.8,49.7,53.4
Low & middle income,LMY,Individuals using the Internet (% of population),IT.NET.USER.ZS,,,,,,,,,,,,,,,,,,,,,,,,,,,,,,,0,0.000368824,0.001272192,0.003477297,0.008881127,0.028400115,0.069437579,0.141811347,0.326239308,0.683534553,1.391704571,1.977175248,3.378694901,4.342618264,5.510284793,6.515195285,8.015085145,10.43989235,12.99056783,15.62212305,19.07916985,21.80133775,24.1443932,26.25604819,28.68834221,31.40861124,34.10260639,36.64262254,40.39666406,45.70258309,52.28885393,55.86354693,62.04453,
Lesotho,LSO,Individuals using the Internet (% of population),IT.NET.USER.ZS,,,,,,,,,,,,,,,,,,,,,,,,,,,,,,,0,0,0,0,0,0,0.00284594,0.005584433,0.010956533,0.05380446,0.211806,0.26115,1.08394,1.5325,2.17552,2.58025,2.97971,3.44543,3.58,3.72,3.86,7,10,15,22,25,32.4539,39,40.8,42.3017,40.4172,43.6957,47.0368,
Late-demographic dividend,LTE,Individuals using the Internet (% of population),IT.NET.USER.ZS,,,,,,,,,,,,,,,,,,,,,,,,,,,,,,,0,0.000549434,0.003035671,0.008757765,0.025796252,0.056697746,0.141945646,0.272403105,0.634710524,1.27260587,2.479263769,3.565933215,5.923221626,8.045056609,10.39113072,12.2880445,15.12811595,19.9595869,25.71547435,31.67851949,36.62606992,40.82656232,45.04455032,47.99740302,50.77726411,53.38066613,56.8138784,59.09925242,63.80575271,68.17278449,73.61347079,76.58972997,78.84284509,80.80265438
Lithuania,LTU,Individuals using the Internet (% of population),IT.NET.USER.ZS,,,,,,,,,,,,,,,,,,,,,,,,,,,,,,,0,0,0,0,0,0,0.277421291,0.978422157,1.972063745,2.9230547,6.42707,7.17936,17.69,25.91,31.23,36.22,43.9,49.9,55.22,59.76,62.12,63.64,67.23,68.4529,72.1335,71.3781,74.3766,77.6153,79.7226,81.5819,83.0555,86.9305,87.7242,88.5029
Luxembourg,LUX,Individuals using the Internet (% of population),IT.NET.USER.ZS,,,,,,,,,,,,,,,,,,,,,,,,,,,,,,,0,0,0.153198791,0.302155121,0.496486119,1.590941911,5.551653306,7.142704085,11.74555372,17.3879578,22.8873,36.1634,39.84,54.55,65.88,70,72.51,78.92,82.23,87.31,90.62,90.0299,91.9499,93.7765,94.6702,96.3767,98.1367,97.363,97.0613,97.1206,98.4596,98.6609,98.242,99.3479
Latvia,LVA,Individuals using the Internet (% of population),IT.NET.USER.ZS,,,,,,,,,,,,,,,,,,,,,,,,,,,,,,,0,0,0,0,0,0,0.812717072,2.053454712,3.315267886,4.387409055,6.31906,7.21935,21.94,26.98,38.58,46,53.63,59.17,63.41,66.84,68.42,69.75,73.1199,75.2344,75.8261,79.2006,79.8421,80.1141,83.5772,86.1355,88.898,91.1796,91.0301,92.1879
"Macao SAR, China",MAC,Individuals using the Internet (% of population),IT.NET.USER.ZS,,,,,,,,,,,,,,,,,,,,,,,,,,,,,,,0,0,0,0,0.036993376,0.280014086,0.727273598,2.364127672,7.003324245,9.212005085,13.6086,22.5212,25.1719,25.7421,31.4841,34.8629,46.4,47.327,49.24,54,55.198,60.2037,61.31,65.8,69.7809,77.6001,81.643,83.1741,83.7941,86.4679,87.4623,88.4681,89.7864,
St. Martin (French part),MAF,Individuals using the Internet (% of population),IT.NET.USER.ZS,,,,,,,,,,,,,,,,,,,,,,,,,,,,,,,,,,,,,,,,,,,,,,,,,,,,,,,,,,,,,,,,
Morocco,MAR,Individuals using the Internet (% of population),IT.NET.USER.ZS,,,,,,,,,,,,,,,,,,,,,,,,,,,,,,,0,0,0,0,0,0.003710492,0.005675444,0.021635203,0.142300767,0.175595345,0.693791,1.37144,2.37325,3.35337,11.6079,15.0844,19.7712,21.5,33.1,41.3,52,46.1075,55.4161,56,56.7746,57.08,58.2712,61.7622,64.8039,84.1204,84.1204,88.1303,89.9,
Monaco,MCO,Individuals using the Internet (% of population),IT.NET.USER.ZS,,,,,,,,,,,,,,,,,,,,,,,,,,,,,,,0,0,0,0,0,0,,,,,42.1849,46.6461,48.0471,49.4912,52.4902,55.4648,61.476,64.3777,67.25,70.1,75,80.3,87,90.7,92.4,93.3633,95.2082,97.053,,83.3397,98.5709,98.3776,98.3776,
Moldova,MDA,Individuals using the Internet (% of population),IT.NET.USER.ZS,,,,,,,,,,,,,,,,,,,,,,,,,,,,,,,0,0,0,0,0.000825391,0.003457217,0.004643901,0.028128808,0.260818206,0.600695269,1.28285,1.48781,3.78724,7.40754,10.6294,14.6303,19.6206,20.45,23.39,27.5,29.68,32.07,34.65,37.44,67,69,71,49.9,50.3,57.7605,58.2153,60.4747,63.5349,
Madagascar,MDG,Individuals using the Internet (% of population),IT.NET.USER.ZS,,,,,,,,,,,,,,,,,,,,,,,,,,,,,,,0,0,0,0,0,0,0.003695196,0.014333647,0.062561023,0.168608781,0.196395,0.222512,0.33972,0.423252,0.525354,0.567722,0.607552,0.65,1.65,1.63,1.7,1.9,2.3,3,3.7,4.17397,4.71366,6.4,8.7,11.8314,15.8196,18.1313,20.5777,
Maldives,MDV,Individuals using the Internet (% of population),IT.NET.USER.ZS,0,,,,,0,,,,,0,,,,,0,0,0,0,0,0,0,0,0,0,0,0,0,0,0,0,0,0,0,0,0,0.22693009,0.309444238,0.569627464,1.119908615,2.20387,3.61729,5.34777,5.97659,6.58825,6.86961,11.0364,16.3,23.2,24.8,26.53,34,38.9301,44.1,49.28,54.462,59.5,65,70.9,77.4697,79.0978,85.2343,83.9119,
Middle East & North Africa,MEA,Individuals using the Internet (% of population),IT.NET.USER.ZS,,,,,,,,,,,,,,,,,,,,,,,,,,,,,,,0.002072541,0.004020833,0.005820243,0.008255953,0.013511151,0.031769878,0.085568256,0.23350028,0.49847832,0.941980081,1.719311414,2.073183033,3.753010681,5.113143538,8.409178046,9.8,11.8,15.1,18.8,21.7,24.9,27.8,31.2,35.2,39.9,44.1,48.2,54.8,58.1,63.4,69.8,72.6,75.5,77.7
Mexico,MEX,Individuals using the Internet (% of population),IT.NET.USER.ZS,,,,,,,,,,,,,,,,,,,,,,,,,,,,,,,0,0.005880695,0.01730781,0.028305042,0.043339167,0.10256419,0.20040628,0.62731154,1.265783278,1.857436221,5.08138,7.03802,11.9,12.9,14.1,17.21,19.52,20.81,21.71,26.34,31.05,37.1763,39.75,43.46,44.3857,57.431,59.5404,53.0318,56.6596,69.6321,71.4902,75.6265,78.6322,81.1832
Marshall Islands,MHL,Individuals using the Internet (% of population),IT.NET.USER.ZS,,,,,,,,,,,,,,,,,,,,,,,,,,,,,,,0,0,0,0,0,0,0.037059432,,,0.966071567,1.53427,1.70661,2.33544,2.56975,3.59978,3.8787,3.79559,3.95,4.6,5.6,7,10,12.5,14,16.8,19.2824,29.7878,38.7012,,,71.2288,72.2377,73.2238,
Middle income,MIC,Individuals using the Internet (% of population),IT.NET.USER.ZS,,,,,,,,,,,,,,,,,,,,,,,,,,,,,,,0,0.000396465,0.001368717,0.003745078,0.009573589,0.030624717,0.074148985,0.152186621,0.350248471,0.733548566,1.503554065,2.137651695,3.649551201,4.692347342,5.955213951,7.029058983,8.591205907,11.22472617,13.96894023,16.7940855,20.49254865,23.48501867,25.99343879,28.30037272,30.73015082,33.55078397,36.48650736,39.21728338,42.94812798,48.72409343,56.15206018,59.61257916,67.18914722,
North Macedonia,MKD,Individuals using the Internet (% of population),IT.NET.USER.ZS,,,,,,,,,,,,,,,,,,,,,,,,,,,,,,,0,0,0,0,0,0.04074384,0.075995734,0.503985009,1.002861666,1.49733026,2.48557,3.46818,17.33,19.07,24.44,26.45,28.62,36.3,46.04,51.77,51.9,56.7,57.4499,65.24,68.0585,70.3802,72.1568,74.5168,79.1678,81.4129,81.4055,83.0182,84.2304,
Mali,MLI,Individuals using the Internet (% of population),IT.NET.USER.ZS,,,,,,,,,,,,,,,,,,,,,,,,,,,,,,,0,0,0,0,0,0,0.002055228,0.010085919,0.019793888,0.060909873,0.142546,0.185897,0.227046,0.310364,0.43282,0.507063,0.729627,0.81,1.57,1.8,2,2.2,2.8,3.5,7,10.33,14,18.9,21.4,22.3111,28.3043,30.4642,33.0528,
Malta,MLT,Individuals using the Internet (% of population),IT.NET.USER.ZS,,,,,,,,,,,,,,,,,,,,,,,,,,,,,,,0,0,0,0,0,0.224995699,1.051527475,3.920605132,6.500783995,7.759798038,13.1137,17.8778,28.92,31.64,34.62,41.24,40.41,46.9,50.08,58.86,63,68.0198,68.1999,68.9138,73.1141,75.96,78.0751,81.0119,81.658,85.7786,86.8588,87.4698,91.5406,91.9155
Myanmar,MMR,Individuals using the Internet (% of population),IT.NET.USER.ZS,,,,,,,,,,,,,,,,,,,,,,,,,,,,,,,0,0,0,0,0,0,,,,0.000151709,,0.000289277,0.000426494,0.0240641,0.0243374,0.0652389,0.182048,0.217128,0.22,0.22,0.25,0.98,1.4,1.8,7.4,10.9,16,23.6211,33.7204,48.1377,41.95429049,44.02167324,,
Middle East & North Africa (excluding high income),MNA,Individuals using the Internet (% of population),IT.NET.USER.ZS,,,,,,,,,,,,,,,,,,,,,,,,,,,,,,,0,0,0,0.000242605,0.001994412,0.011323049,0.026861697,0.080018705,0.170264117,0.438810678,0.866551054,1.154232126,2.816669672,4.041313678,7.489227718,8.590278222,9.956972763,11.95969916,15.05422542,17.74453239,20.66777076,22.95738003,25.93660975,29.63916112,34.53569757,38.95971594,42.99591634,50.80598168,54.18562077,62.25912712,64.48026437,69.12750029,72.68458996,
Montenegro,MNE,Individuals using the Internet (% of population),IT.NET.USER.ZS,,,,,,,,,,,,,,,,,,,,,,,,,,,,,,,,,,,,,,,,,,,,,25.3501,27.1,28.9,30.8,32.9,35.1,37.5,35.6115,56.8388,60.31,63.8869,68.1198,69.8816,71.2723,71.5171,73.4767,77.6088,82.2197,88.2219,
Mongolia,MNG,Individuals using the Internet (% of population),IT.NET.USER.ZS,,,,,,,,,,,,,,,,,,,,,,,,,,,,,,,0,0,0,0,0,0.008811225,0.018160749,0.112742554,0.145810542,0.50847156,1.25565,1.65324,2.03957,,,,,9,9.8,10,10.2,12.5,16.4,17.7,19.9424,22.5,22.2658,23.7143,47.13,51.08,62.5,81.6068,83.9145,
Northern Mariana Islands,MNP,Individuals using the Internet (% of population),IT.NET.USER.ZS,,,,,,,,,,,,,,,,,,,,,,,,,,,,,,,0,0,0,0,0,0,,,,,,,,,,,,,,,,,,,,,,,,,,,,
Mozambique,MOZ,Individuals using the Internet (% of population),IT.NET.USER.ZS,,,,,,,,,,,,,,,,,,,,,,,,,,,,,,,0,0,0,0,0,0,0.003042979,0.011842611,0.020197055,0.056250629,0.109593,0.160032,0.259613,0.419539,0.679448,0.854357,0.842954,0.91,1.56,2.68,4.17,4.6,5,5.5,6,6.5,7,7.79633,10.9,14.6386,17.8299,19.9696,21.207,
Mauritania,MRT,Individuals using the Internet (% of population),IT.NET.USER.ZS,,,,,,,,,,,,,,,,,,,,,,,,,,,,,,,0,0,0,0,0,0,,0.004172527,0.040594795,0.118464464,0.192031,0.261449,0.363229,0.424005,0.48147,0.669966,0.979661,1.43361,1.87,2.28,4,4.5,5,6.2,11.8,17.6,24.1,24.2,35.1,42.3207,41.0726,43.7936,44.3616,
Mauritius,MUS,Individuals using the Internet (% of population),IT.NET.USER.ZS,,,,,,,,,,,,,,,,,,,,,,,,,,,,,,,0,0,0,0,0,0,0.183769158,0.475629193,2.565279962,4.652213227,7.28154,8.7809,10.2526,12.1871,13.6891,15.1722,16.7,20.22,21.81,22.51,28.33,34.95,35.42,40.1168,44.8033,50.1393,52.1913,55.4032,58.5962,61.73,67.7329,71.6,75.5,
Malawi,MWI,Individuals using the Internet (% of population),IT.NET.USER.ZS,,,,,,,,,,,,,,,,,,,,,,,,,,,,,,,0,0,0,0,0,0,,0.004668518,0.018057365,0.087278755,0.126781,0.164021,0.215095,0.278815,0.347505,0.384489,0.425137,0.965865,0.7,1.07,2.26,3.33,4.3506,5.05,5.83,6,6.3,7,8,14.6,22.2466,26.9325,27.6609,18
Malaysia,MYS,Individuals using the Internet (% of population),IT.NET.USER.ZS,,,,,,,,,,,,,,,,,,,,,,,,,,,,,,,0,0,0.001047822,0.025538478,0.099607417,0.145673837,0.852044466,2.307393234,6.751770483,12.3055022,21.3847,26.696,32.3382,34.9712,42.2523,48.6292,51.638,55.7,55.8,55.9,56.3,61,65.8,57.0575,63.6654,71.0641,78.7883,80.1405,81.201,84.1871,89.555,96.7514,97.3986,97.6927
North America,NAC,Individuals using the Internet (% of population),IT.NET.USER.ZS,,,,,,,,,,,,,,,,,,,,,,,,,,,,,,,0.742073244,1.103561168,1.64305568,2.162809542,4.614666008,8.73288618,15.46212955,20.97010839,29.58181169,35.88268762,43.89345022,50.18090717,59.06173276,61.94338341,64.87581199,68.3,69.3,74.8,74.3,71.9,72.5,71,75.5,72.8,74.4,76.1,86.1,87.8,89.1,89.7,96.1,96.4,96.8,97.3
Namibia,NAM,Individuals using the Internet (% of population),IT.NET.USER.ZS,,,,,,,,,,,,,,,,,,,,,,,,,,,,,,,0,0,0,0,0,0.006172051,0.009032145,0.058750679,0.286745093,0.336217708,1.64474,2.41698,2.6337,3.35984,3.80472,4.01005,4.39887,4.83561,5.329,6.5,11.6,12,12.9414,13.9,14.84,25.6879,31.0333,36.8374,42.8,49.8,57.8608,61.1132,62.215,
New Caledonia,NCL,Individuals using the Internet (% of population),IT.NET.USER.ZS,,,,,,,,,,,,,,,,,,,,,,,,,,,,,,,0,0,0,0,0,0.005179013,0.252983946,0.989334969,1.936042825,5.688147323,13.9395,18.2371,22.3898,26.4083,30.298,32.359,33.5157,35.05,34.51,33.99,42,50,58,66,70,74.0018,,82.0058,,,,,,
Niger,NER,Individuals using the Internet (% of population),IT.NET.USER.ZS,,,,,,,,,,,,,,,,,,,,,,,,,,,,,,,0,0,0,0,0,0,0.001039305,0.002008766,0.002911503,0.028136022,0.0362613,0.105185,0.127152,0.155699,0.189934,0.221341,0.294034,0.390391,0.7,0.76,0.83,0.9,1.05,1.15,1.24868,2.47622,4.32276,10.2243,,16.6119,13.8406,15.3108,16.937,
Nigeria,NGA,Individuals using the Internet (% of population),IT.NET.USER.ZS,,,,,,,,,,,,,,,,,,,,,,,,,,,,,,,0,0,0,0,0,0,0.00883298,0.017237401,0.025231461,0.041038723,0.0640808,0.0899014,0.320462,0.558576,1.28614,3.54916,5.54504,6.77,8,9.3,11.5,13.8,16.1,19.1,21,22.5,24.1,25.9,27.7,29.7,31.8888,32.3318,35.4563,
Nicaragua,NIC,Individuals using the Internet (% of population),IT.NET.USER.ZS,,,,,,,,,,,,,,,,,,,,,,,,,,,,,,,0,0,0,0,0.013166228,0.030046478,0.084093291,0.206216818,0.303808975,0.497901643,0.980216,1.4488,1.71473,1.88041,2.32066,2.56635,2.80557,3.9,5.3,7.3,10,10.6,13.5,15.5,17.6,19.7043,24.5718,30.4,37.6,44.9164,54.8543,54.7975,61.0524,
Netherlands,NLD,Individuals using the Internet (% of population),IT.NET.USER.ZS,,,,,,,,,,,,,,,,,,,,,,,,,,,,,,,0.334386942,0.531496128,1.320008028,1.967087737,3.257308831,6.47315766,9.649069145,14.0655114,22.24382769,39.17600725,43.9844,49.3731,61.29,64.35,68.52,81,83.7,85.82,87.42,89.63,90.72,91.42,92.86,93.9564,91.6667,91.7241,90.411,93.1973,91.8919,93.2886,91.3333,92.053,92.5197,97.0068
Norway,NOR,Individuals using the Internet (% of population),IT.NET.USER.ZS,,,,,,,,,,,,,,,,,,,,,,,,,,,,,,,0.707299448,1.407395158,2.216365832,2.783990846,4.152450292,6.423220493,18.25031077,20.41788144,22.56011255,40,52,64,72.84,78.13,77.69,81.99,82.55,86.93,90.57,92.08,93.39,93.49,94.65,95.0534,96.3005,96.8103,97.2982,96.3576,96.4917,98,94.6076,99,99,99
Nepal,NPL,Individuals using the Internet (% of population),IT.NET.USER.ZS,,,,,,,,,,,,,,,,,,,,,,,,,,,,,,0,0,0,0,0,0,0.000924878,0.004510473,0.021998858,0.064393596,0.146668869,0.204652,0.240015,0.312956,0.382811,0.449844,0.826551,1.14139,1.41,1.73,1.97,7.93,9,11.1493,13.3,15.44,17.5816,20.7,24.3,28.6,34.8055,37.6984,41.6083,49.5609,
Nauru,NRU,Individuals using the Internet (% of population),IT.NET.USER.ZS,,,,,,,,,,,,,,,,,,,,,,,,,,,,,,,0,0,0,0,0,0,,,,,,2.98716,,,,,,,,,,54,,,,,,62.3851,,74.7379,81.6554,83.3424,82.6668,
New Zealand,NZL,Individuals using the Internet (% of population),IT.NET.USER.ZS,,,,,,,,,,,,,,,,,,,,,,,,,,,,,,,0,0,0.285941241,0.631215367,3.168718848,4.88424078,8.041899368,14.6015244,31.63626081,41.49448266,47.3796,53.241,59.0808,60.9625,61.8476,62.7202,69,69.76,72.03,79.7,80.46,81.23,81.6445,82.78,84,85.2,86.5,87.7,89,89.8637,95.2342,95.7321,95.7299,
OECD members,OED,Individuals using the Internet (% of population),IT.NET.USER.ZS,,,,,,,,,,,,,,,,,,,,,,,,,,,,,,,0.234459168,0.378398524,0.595669627,0.845864683,1.710056785,3.223289556,5.896576206,9.233307364,13.83174351,19.9824299,26.92889823,32.28721093,40.17037989,44.34147012,49.05201482,52.6089938,55.17371311,60.47746868,62.60897509,64.11976949,66.5244238,67.52946487,70.17783204,71.52751983,73.08694616,75.66553044,79.85735521,80.51803006,82.3873743,84.77753322,87.65141357,88.50821336,89.80502094,
Oman,OMN,Individuals using the Internet (% of population),IT.NET.USER.ZS,,,,,,,,,,,,,,,,,,,,,,,,,,,,,,,0,0,0,0,0,0,0,0.439792805,0.862725306,2.515665987,3.52042,5.89384,6.8734,7.25574,6.75885,6.68358,8.29972,16.68,20,26.8,35.8278,48,60,66.45,70.22,73.53,76.8454,80.1856,85.5,90.2594,95.2323,95.7747,97.849,95.2517
Other small states,OSS,Individuals using the Internet (% of population),IT.NET.USER.ZS,,,,,,,,,,,,,,,,,,,,,,,,,,,,,,,0,0.014774082,0.059892435,0.1328926,0.396668244,0.869802977,1.733047186,3.005976595,5.154744657,6.512334462,10.09330642,12.38934725,15.32766201,16.94415639,19.55172992,21.38047565,23.1922715,25.46163345,29.16768255,31.29953343,34.30081999,39.01624082,42.86610897,46.08841177,49.59351227,53.00263835,56.8134157,61.63837046,67.96119728,67.4099311,70.36821571,73.47551552,78.3302623,
Pakistan,PAK,Individuals using the Internet (% of population),IT.NET.USER.ZS,,,,,,,,,,,,,,,,,,,,,,,,,,,,,,,0,0,0,0,0,0.000122702,0.00299173,0.027549238,0.043947719,0.055357238,,1.31855,2.57743,5.04116,6.16432,6.33233,6.5,6.8,7,7.5,8,8,8.1,9,10,11,12.3854,13.78,15.34,17.0709,18.9348,24.9775,32.9486,
Panama,PAN,Individuals using the Internet (% of population),IT.NET.USER.ZS,,,,,,,,,,,,,,,,,,,,,,,,,,,,,,,0,0,0,0,0.007636899,0.056123043,0.219998526,0.539065541,2.750648071,3.836864509,6.5548,7.2684,8.51808,9.98742,11.1409,11.484,17.3496,22.29,33.82,39.08,40.1,42.7,40.3019,44.03,44.9238,51.2054,54,59.9506,61.8055,63.6284,72.61,73.0556,73.6085,
Peru,PER,Individuals using the Internet (% of population),IT.NET.USER.ZS,,,,,,,,,,,,,,,,,,,,,,,,,,,,,,,0,0,0,0,0.008504578,0.033412305,0.24623258,0.403429701,1.19038044,1.952497608,3.07643,7.57876,8.96695,11.6,14.1,17.1,20.7,25.2,30.57,31.4,34.77,36.01,38.2,39.2,40.2447,40.8526,45.4617,50.4504,55.0543,59.9505,65.2518,71.1078,74.675,
Philippines,PHL,Individuals using the Internet (% of population),IT.NET.USER.ZS,,,,,,,,,,,,,,,,,,,,,,,,,,,,,,,0,0,0,0,0.005844253,0.028585702,0.055946029,0.136912963,1.103405994,1.431608803,1.98225,2.52401,4.33228,4.85767,5.24363,5.39764,5.74059,5.97,6.22,9,25,29,30.8,32.7,34.7,36.9,39.2,41.6,44.1,43.0266,53.7649,63.4019,75.2111,
Palau,PLW,Individuals using the Internet (% of population),IT.NET.USER.ZS,,,,,,,,,,,,,,,,,,,,,,,,,,,,,,,0,0,0,0,0,0,,,,,,,20.2439,21.6015,26.9703,,,,,,,,,,,,,,,,,,,
Papua New Guinea,PNG,Individuals using the Internet (% of population),IT.NET.USER.ZS,,,,,,,,,,,,,,,,,,,,,,,,,,,,,,,0,0,0,0,0,0,0.002067023,0.100588321,0.234958542,0.667113315,0.835249,0.904104,1.32166,1.3744,1.50791,1.71619,1.75449,1.79056,1.15,1.61,1.28,2,3.5,5.1,6.5,7.9,9.60154,11.2092,,19.9783,24.3969,25.7426,26.991,
Poland,POL,Individuals using the Internet (% of population),IT.NET.USER.ZS,,,,,,,,,,,,,,,,,,,,,,,,,,,,,,,0,0.005229468,0.052127181,0.129961704,0.389098144,0.647752333,1.295200255,2.073465474,4.102272002,5.45644373,7.28543,9.90067,21.15,24.87,32.53,38.81,44.58,48.6,53.13,58.97,62.32,61.95,62.31,62.8492,66.5987,67.997,73.3007,75.9854,77.5417,80.4359,83.1849,85.3749,86.9411,86.4147
Pre-demographic dividend,PRE,Individuals using the Internet (% of population),IT.NET.USER.ZS,,,,,,,,,,,,,,,,,,,,,,,,,,,,,,,0,0,0,0,0.000126136,0.00037749,0.004874312,0.014070831,0.028882411,0.0741361,0.123326243,0.186333564,0.360471738,0.638353174,0.966525239,1.692985421,2.413098644,3.192803296,3.432201315,4.042640686,5.065844266,6.113876043,7.360557985,8.867622713,10.87846167,13.16301092,15.41904881,18.33649119,20.21724627,23.02422708,26.41883271,30.01966959,33.92001253,
Puerto Rico,PRI,Individuals using the Internet (% of population),IT.NET.USER.ZS,,,,,,,,,,,,,,,,,,,,,,,,,,,,,,,0,0,0,0,0.027254662,0.135102783,0.268160428,1.331822159,2.647646679,5.265682651,10.4746,15.63,17.5476,19.707,22.1307,23.4001,25.4424,27.86,38,41.5,45.3,48,69,69,76.1339,63.4663,68.6438,68.7408,70.8564,77.7364,,84.7867,87.2918,
"Korea, Dem. People's Rep.",PRK,Individuals using the Internet (% of population),IT.NET.USER.ZS,,,,,,,,,,,,,,,,,,,,,,,,,,,,,,,0,0,0,0,0,0,,0,0,0,0,0,0,0,0,0,0,0,0,0,0,0,0,0,,,,,,,,,,
Portugal,PRT,Individuals using the Internet (% of population),IT.NET.USER.ZS,,,,,,,,,,,,,,,,,,,,,,,,,,,,,,,0,0.10023057,0.250426501,0.450161608,0.718905754,1.494334529,2.98087767,4.953001955,9.870446442,14.74233784,16.4305,18.0871,19.37,29.67,31.78,34.99,38.01,42.09,44.13,48.27,53.3,55.25,60.34,62.0956,64.5924,68.6329,70.4236,73.7912,74.661,75.3464,78.2617,82.309,84.4969,85.7901
Paraguay,PRY,Individuals using the Internet (% of population),IT.NET.USER.ZS,,,,,,,,,,,,,,,,,,,,,,,,,,,,,,,0,0,0,0,0,0,0.020359612,0.099576719,0.194904951,0.38165732,0.747631,1.09879,1.79497,2.11194,3.45244,7.90701,7.96207,11.21,14.27,18.9,19.8,24.7635,29.34,36.9,43.0074,49.7163,53.4041,61.0758,64.9935,68.5176,73.9575,77.0184,76.2592,78.0948
West Bank and Gaza,PSE,Individuals using the Internet (% of population),IT.NET.USER.ZS,,,,,,,,,,,,,,,,,,,,,,,,,,,,,,,0,0,0,0,0,0,,,,,1.11131,1.83685,3.10009,4.13062,4.4009,16.005,18.41,21.176,24.358,32.23,37.4,41.08,43.4,46.6,53.6652,56.7,59.9,63.3,64.4,70.6226,76.01,81.83,88.6469,86.6377
Pacific island small states,PSS,Individuals using the Internet (% of population),IT.NET.USER.ZS,,,,,,,,,,,,,,,,,,,,,,,,,,,,,,,0,0,0,0.002853803,0.003343497,0.015256388,0.132181306,0.285948065,0.611475105,0.869306093,1.451022032,1.87244682,4.002090732,4.5690916,5.20713549,5.646073133,6.574683085,7.478015005,8.774805629,10.96800539,13.04967035,17.69856719,20.71622184,21.95088014,24.54614548,27.72333098,31.69135434,40.97904136,46.06252598,54.51440957,62.92642392,65.47536008,66.28634909,
Post-demographic dividend,PST,Individuals using the Internet (% of population),IT.NET.USER.ZS,,,,,,,,,,,,,,,,,,,,,,,,,,,,,,,0.268184008,0.433871053,0.686176732,0.974165327,1.96528213,3.708284096,6.801857804,10.65113485,15.87649965,22.89709165,30.53431386,36.63897277,44.68055735,49.77614802,54.9688403,58.49496489,60.44132245,65.68974949,67.67613143,68.89792867,70.99368412,71.41090993,74.22373003,75.70651705,77.32368111,78.65498205,83.18472014,84.41904249,85.9885868,87.47603239,90.39198245,90.66443713,92.29478464,
French Polynesia,PYF,Individuals using the Internet (% of population),IT.NET.USER.ZS,,,,,,,,,,,,,,,,,,,,,,,,,,,,,,,0,0,0,0,0,0,0.090971944,0.21438525,1.316164696,3.448900232,6.35706,6.25159,8.20022,14.1243,17.8845,21.5422,25.108,28.59,33.87,44.6,49,49,52.8766,56.8,60.68,64.5602,68.4404,72.7039,,,,,,
Qatar,QAT,Individuals using the Internet (% of population),IT.NET.USER.ZS,,,,,,,,,,,,,,,,,,,,,,,,,,,,,,,0,0,0,0,0,0.190209535,0.930185833,3.083749186,3.52002985,4.070728915,4.86368,6.17027,10.2261,19.2423,20.7016,24.7335,28.9741,37,44.3,53.1,69,69,69.3,85.3,91.49,92.8848,95.1247,97.3888,99.6528,99.6528,99.6528,100,100,
Romania,ROU,Individuals using the Internet (% of population),IT.NET.USER.ZS,,,,,,,,,,,,,,,,,,,,,,,,,,,,,,,0,0,0,0.003703214,0.026300162,0.074952756,0.221622649,0.445444676,2.237649473,2.697580217,3.61372,4.53867,6.58,8.9,15,21.5,24.66,28.3,32.42,36.6,39.93,40.01,45.88,49.7645,54.0783,55.7632,59.504,63.7473,70.6813,73.6575,78.4553,83.5904,85.5031,89.2034
Russian Federation,RUS,Individuals using the Internet (% of population),IT.NET.USER.ZS,,,,,,,,,,,,,,,,,,,,,,,,,,,,,,,0,0,0.000672532,0.013447238,0.053817493,0.148151042,0.26975293,0.472963763,0.812744451,1.018984614,1.97723,2.94437,4.12827,8.29886,12.8594,15.2267,18.0233,24.66,32,42.55,49,58,66,67.97,70.5176,70.0992,73.0914,76.0081,80.8647,82.6422,84.9947,88.2138,90.418,92.245
Rwanda,RWA,Individuals using the Internet (% of population),IT.NET.USER.ZS,,,,,,,,,,,,,,,,,,,,,,,,,,,,,,,0,0,0,0,0,0,0.000883372,0.001625791,0.011763573,0.067176482,0.0628315,0.240672,0.292785,0.356918,0.430854,0.556041,,2.11539,4.5,7.7,8,7,8.02385,9,10.6,12.5,14.6,17.2,19.2,21.358,23.8,29.432,34.4405,
South Asia,SAS,Individuals using the Internet (% of population),IT.NET.USER.ZS,,,,,,,,,,,,,,,,,,,,,,,,,,,,,,,0,0,8.47E-05,0.000165773,0.000851278,0.019977267,0.040563748,0.060038244,0.116990402,0.22607284,0.473625934,0.668370007,1.471780306,1.868774728,2.218644618,2.58253828,3.020660308,4.005721128,4.432427407,5.142150482,7.163605138,9.207157943,10.08549059,11.29261877,12.82093689,14.19013478,16.19296243,18.06524073,20.18298559,27.96652694,39.06064304,42.85064769,,
Saudi Arabia,SAU,Individuals using the Internet (% of population),IT.NET.USER.ZS,,,,,,,,,,,,,,,,,,,,,,,,,,,,,,,0,0,0,0,0,0.010956134,0.026732651,0.052099031,0.101429893,0.49358534,2.21069,4.68105,6.38471,8.00158,10.2345,12.705,19.4596,30,36,38,41,47.5,54,60.5,64.7137,69.6162,74.8793,94.1756,93.31,95.7247,97.8623,100,100,100
Sudan,SDN,Individuals using the Internet (% of population),IT.NET.USER.ZS,,,,,,,,,,,,,,,,,,,,,,,,,,,,,,,0,0,0,0,0,0,0,0.001231819,0.004805071,0.008794581,0.025785,0.140185,0.439478,0.538472,0.791562,1.29204,,8.66,,,,,,,,,14.1,18.6,24.6,25.9,26.4383,27.6336,28.7045,
Senegal,SEN,Individuals using the Internet (% of population),IT.NET.USER.ZS,,,,,,,,,,,,,,,,,,,,,,,,,,,,,,,0,0,0,0,0,0.000692848,0.011238219,0.027347441,0.079871379,0.311090952,0.403967,0.983794,1.00645,2.10144,4.38602,4.78668,5.61174,6.89,7.12,7.5,8,9.8,10.8,13.1,17.7,21.7,25.6648,29.6431,35.3,43.4,53.3088,54.9741,59.9832,
Singapore,SGP,Individuals using the Internet (% of population),IT.NET.USER.ZS,,,,,,,,,,,,,,,,,,,,,,,,,,,,,,,0,0.161504498,0.471368155,0.763278139,1.185203797,2.873418722,8.34995903,13.47162042,19.59076716,24.15543693,36,41.6704,47,53.8379,62,61,59,69.9,69,69,71,71,72,80.9021,79.0292,79.013,84.4523,84.4523,88.1656,88.9493,92.0043,96.9247,95.9539,94.2863
Solomon Islands,SLB,Individuals using the Internet (% of population),IT.NET.USER.ZS,,,,,,,,,,,,,,,,,,,,,,,,,,,,,,,0,0,0,0,0,0.02487191,0.268683585,0.391923246,0.508292797,0.494541498,0.481297,0.468552,0.50192,0.55561,0.649673,0.844308,1.64635,2,3,4,5,6,6.9974,8,9,10.0005,11.0009,15.1,20.9,28.7,39.5527,47.3313,44.9575,
Sierra Leone,SLE,Individuals using the Internet (% of population),IT.NET.USER.ZS,,,,,,,,,,,,,,,,,,,,,,,,,,,,,,,0,0,0,0,0,0,0.002506116,0.004987835,0.014805065,0.048490656,0.118254,0.160264,0.176199,0.190173,0.203008,0.215392,0.227669,0.239835,0.25,0.26,0.58,0.9,2.5,4,6.0573,6.34442,11.7732,13.2369,15.8,20.8,27.4681,27.595,30.3518,
El Salvador,SLV,Individuals using the Internet (% of population),IT.NET.USER.ZS,,,,,,,,,,,,,,,,,,,,,,,,,,,,,,,0,0,0,0,0,0,0.086389581,0.256960679,0.425253672,0.845428741,1.1774,1.5,1.9,2.5,3.2,4.2,5.5,6.11,10.08,12.11,15.9,18.9,20.3214,23.1093,24.7617,26.8026,28.9971,33.8207,43.8,50.4912,54.6014,58.5986,62.8885,
San Marino,SMR,Individuals using the Internet (% of population),IT.NET.USER.ZS,,,,,,,,,,,,,,,,,,,,,,,,,,,,,,,0,0,0,0,0,1.362132711,1.428075186,1.41854848,1.408557941,42.80331575,48.7995,50.3417,50.8348,50.0035,50.5663,50.2596,50.2087,50.3648,54.52,54.21,,49.6,,,,,,60.1823,,67.8507,77.95,81.67,85.0607,
Somalia,SOM,Individuals using the Internet (% of population),IT.NET.USER.ZS,,,,,,,,,,,,,,,,,,,,,,,,,,,,,,,0,0,0,0,0,0,0.00150955,0.002948713,0.00716442,0.013910394,0.02,0.0790392,0.115614,0.376198,1.05345,1.07733,1.10022,1.12224,1.14269,1.16061,,1.25,1.3767,1.5,1.63,1.76,1.88,2.00405,,,15.0237,19.8606,27.6,
Serbia,SRB,Individuals using the Internet (% of population),IT.NET.USER.ZS,,,,,,,,,,,,,,,,,,,,,,,,,,,,,,,,,,,,,,,,,,,,,23.5,26.3,27.2,33.15,35.6,38.1,40.9,42.2,48.1,53.4504,62.0751,65.317,67.0568,70.3308,73.3607,77.4168,78.368,81.1659,83.5383,85.3575
Sub-Saharan Africa (excluding high income),SSA,Individuals using the Internet (% of population),IT.NET.USER.ZS,,,,,,,,,,,,,,,,,,,,,,,,,,,,,,,0,0.001033531,0.003006454,0.008725656,0.018914047,0.05162691,0.072239921,0.134945763,0.244446514,0.373264209,0.51285694,0.650770755,0.8327722,1.106777174,1.487157733,2.013532074,2.661377767,3.380655018,3.677637749,4.325858495,6.14988404,7.607628855,9.302634254,11.18885764,13.39301189,16.22609811,18.20333849,19.99208639,22.73239836,24.5505018,28.37390767,31.10368895,34.20834126,
South Sudan,SSD,Individuals using the Internet (% of population),IT.NET.USER.ZS,,,,,,,,,,,,,,,,,,,,,,,,,,,,,,,,,,,,,,,,,,,,,,,,,,,,,,2.2,2.6,3,3.5,4.1,4.8,6.7,9.27123,9.64241,12.1407,
Sub-Saharan Africa,SSF,Individuals using the Internet (% of population),IT.NET.USER.ZS,,,,,,,,,,,,,,,,,,,,,,,,,,,,,,,0,0.00103339,0.003006051,0.008724506,0.018911593,0.051620304,0.072317886,0.135088536,0.244727115,0.373976533,0.513706975,0.652035574,0.834397918,1.108387604,1.489839639,2,2.5,3.3,3.8,4.4,6.1,7.6,9.2,11.1,13.2,15.5,17.4,19.7,22.2,25.3,28.6,31.4,33.6,36.7
Small states,SST,Individuals using the Internet (% of population),IT.NET.USER.ZS,,,,,,,,,,,,,,,,,,,,,,,,,,,,,,,0,0.009999097,0.040532388,0.090217233,0.268474007,0.633840127,1.237221468,2.17147712,3.727546206,4.834034946,7.561335884,9.586609868,12.69511289,14.51609153,16.8389971,18.9,20.8,23.1,26.5,29.1,32.3,36.8,40.3,43.2,46.5,49.8,53.3,58.5,61.2,66.2,70.7,73.5,75.1,77.7
Sao Tome and Principe,STP,Individuals using the Internet (% of population),IT.NET.USER.ZS,,,,,,,,,,,,,,,,,,,,,,,,,,,,,,,0,0,0,0,0,0,,,0.295847047,0.363203161,4.63852,6.31092,7.58067,10.1618,13.3229,13.7595,14.182,14.5905,15.48,16.41,18.75,20.1612,21.5724,23,24.41,25.82,28,32.6,38,44.3,51.5547,56.1138,56.9899,
Suriname,SUR,Individuals using the Internet (% of population),IT.NET.USER.ZS,,,,,,,,,,,,,,,,,,,,,,,,,,,,,,,0,0,0,0,0,0.114720735,0.226306297,1.003086936,1.670148436,1.891871357,2.50641,3.06445,4.16157,4.71988,6.07605,6.40309,9.49963,14.11,21.06,31.36,31.59,32,34.6812,37.4,40.08,42.7638,45.4,48.9452,55.1,62,69.8369,71.992,75.7614,
Slovak Republic,SVK,Individuals using the Internet (% of population),IT.NET.USER.ZS,,,,,,,,,,,,,,,,,,,,,,,,,,,,,,,0,0,0,0.127829232,0.318509704,0.523210163,0.783290109,1.173381014,2.689809786,5.437758139,9.4268,12.5283,40.14,43.04,52.89,55.19,56.08,61.8,66.05,70,75.71,74.44,76.71,77.8826,79.9843,77.6347,80.4759,81.6257,80.4489,82.8537,89.9209,88.9256,89.0677,87.2131
Slovenia,SVN,Individuals using the Internet (% of population),IT.NET.USER.ZS,,,,,,,,,,,,,,,,,,,,,,,,,,,,,,,0,0,0,0.409792399,1.071570172,2.898985609,5.072272271,7.591923004,10.10460285,12.61093843,15.1103,30.1759,27.8389,31.8548,40.81,46.81,54.01,56.74,58,64,70,67.34,68.35,72.6756,71.5863,73.0987,75.4985,78.8854,79.75,83.1084,86.6013,89.004,88.9125,90.3779
Sweden,SWE,Individuals using the Internet (% of population),IT.NET.USER.ZS,,,,,,,,,,,,,,,,,,,,,,,,,,,,,,,0.584192066,1.160519453,1.497871352,1.716364182,3.412810096,5.098024244,9.04359976,23.72794756,33.46751233,41.43278316,45.6877,51.7657,70.57,79.13,83.89,84.83,87.76,82.01,90,91,90,92.77,93.18,94.7836,92.5236,90.6102,89.6509,93.0063,89.247,94.4934,94.5394,94.6703,95.0097,95.7033
Eswatini,SWZ,Individuals using the Internet (% of population),IT.NET.USER.ZS,,,,,,,,,,,,,,,,,,,,,,,,,,,,,,,0,0,0,0,0,0.00103175,0.050399009,0.088545986,0.096099605,0.4707176,0.926192,1.28159,1.8162,2.43707,3.22869,3.69696,3.69654,4.1,6.85,8.94,11.04,18.13,20.7818,24.7,25,25.643,28.57,35.3,39.4,43.9,49.013,56.1988,58.2502,
Sint Maarten (Dutch part),SXM,Individuals using the Internet (% of population),IT.NET.USER.ZS,,,,,,,,,,,,,,,,,,,,,,,,,,,,,,,,,,,,,,,,,,,,,,,,,,,,,,,,,,,,,,,,
Seychelles,SYC,Individuals using the Internet (% of population),IT.NET.USER.ZS,,,,,,,,,,,,,,,,,,,,,,,,,,,,,,,0,0,0,0,0,0,0.651474286,1.28295593,2.526177514,6.229054803,7.39563,11.0151,14.3042,14.5925,24.2721,25.4133,34.952,38.38,40.44,,41,43.164,47.076,50.4,51.2547,54.2596,56.5147,62.6,69.2,76.6,84.8223,80.7475,86.6654,
Syrian Arab Republic,SYR,Individuals using the Internet (% of population),IT.NET.USER.ZS,0,,,,,0,,,,,0,,,,,0,0,0,0,0,0,0,0,0,0,0,0,0,0,0,0,0,0,0,0,0,0,0.032607814,0.063687286,0.124295462,0.181699,0.353759,2.0931,3.39797,4.32159,5.64811,7.83255,11.5,14,17.3,20.7,22.5,24.3001,26.2,28.09,29.9798,31.8696,32.7,33.77,34.65,35.78,,,
Turks and Caicos Islands,TCA,Individuals using the Internet (% of population),IT.NET.USER.ZS,,,,,,,,,,,,,,,,,,,,,,,,,,,,,,,0,0,0,0,0,0,,,,,,,,,,,,,,,,,,,,,,,,,,,,
Chad,TCD,Individuals using the Internet (% of population),IT.NET.USER.ZS,,,,,,,,,,,,,,,,,,,,,,,,,,,,,,,0,0,0,0,0,0,,0.000658168,0.004268504,0.012321728,0.0357071,0.0459341,0.16607,0.320309,0.36092,0.399258,0.581046,0.847225,1.19,1.5,1.7,1.9,2.1,2.5,2.9,3.5,5.8,6.4,7,7.6,8.34311,11.0057,12.1839,
East Asia & Pacific (IDA & IBRD countries),TEA,Individuals using the Internet (% of population),IT.NET.USER.ZS,,,,,,,,,,,,,,,,,,,,,,,,,,,,,,,0,1.80E-06,2.37E-05,0.000886395,0.003692909,0.012076656,0.033807712,0.095986603,0.328631508,0.864039264,1.917655605,2.814146872,4.459188812,5.825304609,6.956469986,8.4,10.3,14.5,19.5,24,29.3,32.7,36.1,38.7,41.2,44.1,47.7,50.1,55.8,60.7,67.2,71.4,74.6,78.3
Europe & Central Asia (IDA & IBRD countries),TEC,Individuals using the Internet (% of population),IT.NET.USER.ZS,,,,,,,,,,,,,,,,,,,,,,,,,,,,,,,0,0.000472386,0.00493507,0.018974833,0.067196214,0.139804192,0.298718443,0.535307743,1.017510899,1.529287979,2.496843492,3.595680617,6.59150682,9.099368999,12.89393413,14.7,17.8,23,28.3,34.8,40.1,45.5,50.8,53.7,57.5,59.3,63.2,66.9,71.7,75.2,78.6,82.3,85.1,88.2
Togo,TGO,Individuals using the Internet (% of population),IT.NET.USER.ZS,0,,,,,0,,,,,0,,,,,0,0,0,0,0,0,0,0,0,0,0,0,0,0,0,0,0,0,0,0,0,0.010929139,0.211139465,0.305583935,0.590363264,0.8,0.9,1,1.2,1.5,1.8,2,2.2,2.4,2.6,3,3.5,4,4.5,5.7,7.12,11.31,12.3602,15.5,20.7273,29.0237,32.5051,37.6212,
Thailand,THA,Individuals using the Internet (% of population),IT.NET.USER.ZS,0,,,,,0,,,,,0,,,,,0,0,0,0,0,0,0,0,0,0,0,0,0,0,0,0,5.22E-05,0.000343725,0.013580966,0.038614321,0.074825338,0.115472136,0.360522185,1.091218985,2.426242432,3.68904,5.55633,7.53125,9.29903,10.6773,15.026,17.1607,20.03,18.2,20.1,22.4,23.6699,26.46,28.94,34.8861,39.3161,47.505,52.8919,56.8175,66.6524,77.8437,85.2696,87.9772,89.5352
Tajikistan,TJK,Individuals using the Internet (% of population),IT.NET.USER.ZS,,,,,,,,,,,,,,,,,,,,,,,,,,,,,,,0,0,0,0,0,0,,,,0.032791858,0.0485996,0.0512591,0.0554628,0.0645838,0.0774799,0.29869,3.77241,7.19762,8.78,10.07,11.55,13.03,14.51,16,17.49,18.98,20.47,21.96,,,27.5441,28.34,36.0872,
Turkmenistan,TKM,Individuals using the Internet (% of population),IT.NET.USER.ZS,,,,,,,,,,,,,,,,,,,,,,,,,,,,,,,0,0,0,0,0,0,,,,0.04502077,0.133282,0.17521,0.302132,0.425183,0.754054,0.997257,1.31957,1.40636,1.75,1.95,3,5,7.1958,9.6,12.2,14.9968,17.9903,21.251,,,,,,
Latin America & the Caribbean (IDA & IBRD countries),TLA,Individuals using the Internet (% of population),IT.NET.USER.ZS,,,,,,,,,,,,,,,,,,,,,,,,,,,,,,,0,0.00228643,0.009940674,0.021824775,0.044301045,0.106418139,0.314569312,0.614010965,1.238422678,2.059285316,3.903466608,5.646461099,8.894341616,11.32167913,14.45538107,16.7,20.9,23.9,26.7,31.3,35,39.7,43.4,46.4,49,54.6,57.7,62.4,65.4,68,74.2,76,77.7,81.1
Timor-Leste,TLS,Individuals using the Internet (% of population),IT.NET.USER.ZS,,,,,,,,,,,,,,,,,,,,,,,,,,,,,,,0,0,0,0,0,0,,,,,,,0,0,0,0.0990318,0.5,1,1.5,2,3,4,7,11,17.5,18.6,21.2,24.2,27.6,28.0046,32.0127,35.5407,40.7521,
Middle East & North Africa (IDA & IBRD countries),TMN,Individuals using the Internet (% of population),IT.NET.USER.ZS,,,,,,,,,,,,,,,,,,,,,,,,,,,,,,,0,0,0,0.000244978,0.002014405,0.011439386,0.026861697,0.080018705,0.170264117,0.438810678,0.863591821,1.146625082,2.813489217,4.040306587,7.524161948,8.5,9.9,11.9,15,17.6,20.5,22.8,25.8,29.5,34.4,38.6,42.8,48.4,52.1,57.9,65.1,68.3,71.5,74
Tonga,TON,Individuals using the Internet (% of population),IT.NET.USER.ZS,,,,,,,,,,,,,,,,,,,,,,,,,,,,,,,0,0,0,0,0,0.12323112,0.163793456,0.510866122,0.765134358,1.01796712,2.4344,2.82537,2.9073,2.98582,3.95237,4.90778,5.85394,7.17987,8.11077,10,16,25,30,32.754,35.9544,38.6513,39.95,46.2,53.4,61.78962999,66.64843101,57.5486,,
South Asia (IDA & IBRD),TSA,Individuals using the Internet (% of population),IT.NET.USER.ZS,,,,,,,,,,,,,,,,,,,,,,,,,,,,,,,0,0,8.47E-05,0.000165773,0.000851278,0.019977267,0.040563748,0.060038244,0.116990402,0.22607284,0.473625934,0.668370007,1.471780306,1.868774728,2.218644618,2.58253828,3.020660308,4.005721128,4.432427407,5.142150482,7.163605138,9.207157943,10.08549059,11.29261877,12.82093689,14.19013478,16.19296243,18.06524073,20.18298559,27.96652694,39.06064304,42.85064769,,
Sub-Saharan Africa (IDA & IBRD countries),TSS,Individuals using the Internet (% of population),IT.NET.USER.ZS,,,,,,,,,,,,,,,,,,,,,,,,,,,,,,,0,0.00103339,0.003006051,0.008724506,0.018911593,0.051620304,0.072317886,0.135088536,0.244727115,0.373976533,0.513706975,0.652035574,0.834397918,1.108387604,1.489839639,2,2.5,3.3,3.8,4.4,6.1,7.6,9.2,11.1,13.2,15.5,17.4,19.7,22.2,25.3,28.6,31.4,33.6,36.7
Trinidad and Tobago,TTO,Individuals using the Internet (% of population),IT.NET.USER.ZS,,,,,,,,,,,,,,,,,,,,,,,,,,,,,,,0,0,0,0,0,0.158149899,0.393080525,1.173174658,2.724825339,5.814250962,7.72141,15.3846,21.9987,25.9718,27.0243,28.9767,30.0037,32.3,34.8,44.3,48.5,55.2,57.5,59.9,62.4,65.1,67.8,70.6,72.8,75,77.2813,79,79.9843,
Tunisia,TUN,Individuals using the Internet (% of population),IT.NET.USER.ZS,,,,,,,,,,,,,,,,,,,,,,,,,,,,,,,0,0,0,0,0.007379544,0.011191954,0.027615372,0.043656974,0.107940957,1.602494764,2.75074,4.29797,5.25289,6.49085,8.52882,9.65509,12.9864,17.1,27.53,34.07,36.8,39.1,41.4416,43.8,46.16,46.5,49.6,55.5002,64.1908,66.7,68.5564,68.3155,73.8379,
Turkiye,TUR,Individuals using the Internet (% of population),IT.NET.USER.ZS,,,,,,,,,,,,,,,,,,,,,,,,,,,,,,,0,0,0,0.008457732,0.049869182,0.081691205,0.192724936,0.473695432,0.698805129,2.292117685,3.76169,5.18948,11.38,12.33,14.58,15.46,18.24,28.63,34.37,36.4,39.82,43.0657,45.13,46.25,51.0374,53.745,58.3477,64.6846,71.0428,73.9767,77.6696,81.4084,83.4372,85.9607
Tuvalu,TUV,Individuals using the Internet (% of population),IT.NET.USER.ZS,,,,,,,,,,,,,,,,,,,,,,,,,,,,,,,0,0,0,0,0,0,,,,,5.24164,5.7,6.3,6.9,7.6,8.3,9.1,10,11.2,12.8,14.6,16.5,18.7,21.2,24.1,27.3,31,35.2,,,75.4424,82.2681,81.1913,
Tanzania,TZA,Individuals using the Internet (% of population),IT.NET.USER.ZS,,,,,,,,,,,,,,,,,,,,,,,,,,,,,,,0,0,0,0,0,0,0.001622155,0.007900283,0.009244125,0.075130889,0.117194,0.1713,0.222484,0.676963,0.877575,1.1,1.3,1.6,1.9,2.4,2.9,3.2,3.95,4.4,7,10,13.5042,16,17.1,18.2773,25.6424,29.7016,31.8913,
Uganda,UGA,Individuals using the Internet (% of population),IT.NET.USER.ZS,,,,,,,,,,,,,,,,,,,,,,,,,,,,,,,0,0,0,0,0,0.002863471,0.004625948,0.010319341,0.065289465,0.10554394,0.163714,0.237945,0.384094,0.46485,0.719971,1.74221,2.52936,3.67197,3.88,4.1,4.3,4.6,4.8,5.1,5.4,5.8,5.9,5.9,6,6.017815092,7.4,10,,
Ukraine,UKR,Individuals using the Internet (% of population),IT.NET.USER.ZS,,,,,,,,,,,,,,,,,,,,,,,,,,,,,,,0,0,0,0.00077697,0.013641246,0.043083985,0.098580381,0.198821885,0.301075792,0.405385448,0.716184,1.23876,1.87389,3.14813,3.48948,3.74976,4.50612,6.55,11,17.9,23.3,28.7083,35.27,40.9541,46.236,48.8846,53.001,58.8895,62.5532,70.1248,75.0379,79.2183,,
Upper middle income,UMC,Individuals using the Internet (% of population),IT.NET.USER.ZS,,,,,,,,,,,,,,,,,,,,,,,,,,,,,,,0,0.00072168,0.002454525,0.006754331,0.016722863,0.042839174,0.104659339,0.230229743,0.525324626,1.151326963,2.30755128,3.392652779,5.598555279,7.177806332,8.805310377,10.2,12.6,16.7,21.3,25.8,30.6,34.6,38.3,41.5,44.3,47.9,51.4,54.7,59.5,64.6,70.3,73.9,76.6,80
Uruguay,URY,Individuals using the Internet (% of population),IT.NET.USER.ZS,,,,,,,,,,,,,,,,,,,,,,,,,,,,,,,0,0,0,0,0.062474386,0.310128582,1.847472089,3.363239668,6.987069365,9.972765285,10.5391,11.1214,11.4195,15.9371,17.0631,20.0882,29.4,34,39.3,41.8,46.4,51.4047,54.4538,57.69,61.4625,64.5708,66.4,70.3224,80.7268,83.3515,85.471,87.6444,89.873,
United States,USA,Individuals using the Internet (% of population),IT.NET.USER.ZS,,,,,,,,,,,,,,,,,,,,,,,,,,,,,,,0.784728502,1.163193726,1.724202539,2.271673294,4.862780635,9.237088297,16.41935296,21.61640097,30.09319659,35.84872446,43.0792,49.0808,58.7854,61.6971,64.7583,67.9681,68.9312,75,74,71,71.69,69.7295,74.7,71.4,73,74.5542,85.5444,87.2749,88.4989,89.4303,96.5768,96.7792,97.1299,
Uzbekistan,UZB,Individuals using the Internet (% of population),IT.NET.USER.ZS,,,,,,,,,,,,,,,,,,,,,,,,,,,,,,,0,0,0,0,0,0.001527093,0.004285074,0.010536935,0.020754437,0.030688343,0.484347,0.597568,1.08194,1.9126,2.59373,3.34351,6.38832,7.4906,9.08011,11.9,15.9,18.6,23.6,26.8,35.5,42.8,46.7913,48.7,55.2,70.4,71.1,76.5904,83.9,89.0136
St. Vincent and the Grenadines,VCT,Individuals using the Internet (% of population),IT.NET.USER.ZS,,,,,,,,,,,,,,,,,,,,,,,,,,,,,,,0,0,0,0,0,0.128634622,0.483248317,0.926371957,1.853997683,2.7820023,3.24504,5.09481,5.54959,6.46227,7.37117,9.19828,12,16,21,31,33.7,36.7,40,43.5,47.4,49.4,51.5,53.7,56,73.9683,77.4269,78.7228,77.7418,
"Venezuela, RB",VEN,Individuals using the Internet (% of population),IT.NET.USER.ZS,,,,,,,,,,,,,,,,,,,,,,,,,,,,,,,0,0,0.012082134,0.041587233,0.055486978,0.122214848,0.24826058,0.390959318,1.383990391,2.839825767,3.3596,4.636,4.91045,7.49996,8.40447,12.553,15.2247,20.83,25.88,32.7,37.37,40.22,49.0501,54.9,57,58,60,61.6,,,,,,
British Virgin Islands,VGB,Individuals using the Internet (% of population),IT.NET.USER.ZS,,,,,,,,,,,,,,,,,,,,,,,,,,,,,,,0,0,0,0,0,0,,,,,,,18.8857,,,,,,,36,37,37.4,37.6,,,,77.7014,77.7043,,,,,,
Virgin Islands (U.S.),VIR,Individuals using the Internet (% of population),IT.NET.USER.ZS,,,,,,,,,,,,,,,,,,,,,,,,,,,,,,,0,0,0,0,0.940645283,2.801957634,4.647185664,6.948368986,9.245220221,11.07460593,13.8151,18.3758,27.4944,27.4291,27.377,27.3443,27.3326,27.3393,27.3618,27.3965,31.22,35.6,40.5479,45.3,50.07,54.8391,59.6083,64.3775,,,,,,
Viet Nam,VNM,Individuals using the Internet (% of population),IT.NET.USER.ZS,,,,,,,,,,,,,,,,,,,,,,,,,,,,,,,0,0,0,0,0,0,0.000134813,0.003981962,0.013078543,0.128926663,0.254248,1.26565,1.855,3.78028,7.64241,12.7399,17.2546,20.7554,23.92,26.55,30.65,35.07,36.8,38.5,41,45,53,58.14,69.8479,68.6616,70.3,74.21,78.59,78.08
Vanuatu,VUT,Individuals using the Internet (% of population),IT.NET.USER.ZS,,,,,,,,,,,,,,,,,,,,,,,,,,,,,,,0,0,0,0,0,0,0.056845636,0.139505815,0.274185942,0.538300048,2.10834,2.83057,3.51004,3.9033,4.7466,5.08233,5.85059,6.8,7.26912,7.5,8,9.2,10.598,11.3,18.8,22.3514,24,30.8,39.5,50.7305,64.286,68.612,69.8888,
World,WLD,Individuals using the Internet (% of population),IT.NET.USER.ZS,,,,,,,,,,,,,,,,,,,,,,,,,,,,,,,0.048824693,0.078810516,0.125186329,0.17900668,0.360508149,0.683082061,1.326567158,2.042697058,3.140579598,4.632902784,6.720288038,8.022650613,10.47810885,12.16116512,14.03743357,15.6,17.3,20.3,22.8,25.4,28.5,31,33.5,35.4,37.5,39.9,42.9,45.4,48.6,53.2,59.3,62.2,64.4,67.4
Samoa,WSM,Individuals using the Internet (% of population),IT.NET.USER.ZS,,,,,,,,,,,,,,,,,,,,,,,,,,,,,,,0,0,0,0,0,0,,0.174571863,0.230359015,0.285308333,0.566393,1.6899,2.24483,2.79963,3.07553,3.35259,4.46917,4.74998,5.03162,6,7,11,12.9225,15.3,21.2,25.407,31.7,39.4,49.1,61.2106,69.9561,76.2853,75.2869,
Kosovo,XKX,Individuals using the Internet (% of population),IT.NET.USER.ZS,,,,,,,,,,,,,,,,,,,,,,,,,,,,,,,,,,,,,,,,,,,,,,,,,,,,,,,,,,83.8936,89.443,,,,,
"Yemen, Rep.",YEM,Individuals using the Internet (% of population),IT.NET.USER.ZS,,,,,,,,,,,,,,,,,,,,,,,,,,,,,,,0,0,0,0,0,0,0.000621081,0.015025295,0.023323243,0.056628675,0.0825004,0.0908025,0.518796,0.604734,0.881223,1.0486,1.24782,5.01,6.89,9.96,12.35,14.905,17.4465,20,22.55,24.0854,24.5792,26.7184,,,13.8152,14.8881,17.6948,
South Africa,ZAF,Individuals using the Internet (% of population),IT.NET.USER.ZS,,,,,,,,,,,,,,,,,,,,,,,,,,,,,,,0,0.013283591,0.038869106,0.113747184,0.246905533,0.676740104,0.841882931,1.632093791,2.906220867,4.116249583,5.34856,6.34662,6.71032,7.00769,8.42512,7.48854,7.60714,8.06538,8.43,10,24,33.97,41,46.5,49,51.9191,54,56.1674,62.4,69.6969,72.1128,74.1534,74.703,
Zambia,ZMB,Individuals using the Internet (% of population),IT.NET.USER.ZS,,,,,,,,,,,,,,,,,,,,,,,,,,,,,,,0,0,0,0,0.006776105,0.008783623,0.009069176,0.009329658,0.030226183,0.147053172,0.191072,0.23313,0.477751,0.980483,1.1,1.3,1.6,1.9,2.2,2.5,3,3.5,4.1,4.8,6.5,8.8,10.3,12.2,14.3,18.7,24.4992,26.9505,31.2342,
Zimbabwe,ZWE,Individuals using the Internet (% of population),IT.NET.USER.ZS,,,,,,,,,,,,,,,,,,,,,,,,,,,,,,,0,0,0,0,0.00173928,0.00768354,0.016790484,0.033080327,0.081648476,0.161675528,0.401434,0.799846,1.1,1.8,2.1,2.4,2.4,3,3.5,4,6.4,8.4,12,15.5,16.3647,22.7428,23.12,24.4,25,26.5883,29.2986,32.4616,32.5615,
